urocanic acid,
benzene,
hydroquinon,
acetylen,
Guanidin,
lemonene,
carbonothioyl,
Thenaldine,
Ethylsyringol,
Dillapiole,
Allyltributyltin,
Allobarbital,
Caffeine,
Tolycaine,
Thiirane,
Deoxycytidine,
Bromisovalum,
Phenylglyoxal,
Thiantoin,
dichloroacetate,
Meclofenoxate,
Enflurane,
Dropropizine,
Phenylfurazan,
Tetrapropylene,
Propylene,
Heptachlor,
methylphosphonate,
Ethylphenylpropiolate,
trifluorosilane,
Methazolamide,
tiglate,
hydrobromide,
Erythrityl,
Cyclooctyne,
Phenylisothiocyanate,
Rotenone,
Dehydromevalonic,
Benzhydryl,
Acetylenedicarboxamide,
Methylseleno,
Methyltrivinylsilane,
dibenzoate,
Carbonic,
Neodihydrocarveol,
trifluoride,
Trichlorosilylcobalt,
Cedrenol,
Mequitazine,
Cyclopropylamine,
Toliprolol,
Selenoketene,
Chlorophacinone,
Fominoben,
Phosphenodithioic,
Tricyclazole,
Fenamiphos,
Propionyl,
Oxychlordane,
isophthalate,
Gentiobiose,
Isoamylpropylamine,
hexacyanotrimethylenecyclopropanide,
Iodotrimethylsilane,
pyrocarbonate,
brassylate,
butanoate,
fumarate,
dicyanide,
Apoatropine,
squarate,
Tetradecamethylcycloheptasilane,
Grandisol,
Octahydroazocine,
Valeric,
Pentadecanoyl,
benzoylmethylphosphonate,
difluoroacetate,
Camphene,
Aldosterone,
blue,
Perfluorooctylethylene,
Benzil,
Tetraethylenepentamine,
Palmitoyl,
Ethoxyacetaldehyde,
Triangularine,
Tisopurine,
Vinylbital,
Dehydro,
Trimethoxysilane,
butylmalonate,
Thonzylamine,
Tetramethyluric,
Metolachlor,
Amphetamine,
tetranitrate,
Fthalide,
Orotidine,
Viquidil,
Diphenylchlorosilane,
Isocyanocyclobexanemolybdenum,
Noxiptyline,
Prochloraz,
thiophenecarboxaldehyde,
Trimethylhydroquinone,
Dihydrofarnesol,
Aphylline,
Tributylmethyl,
Propiolamide,
benzylacetylenide,
Sulfine,
Phenprocoumon,
Pentorex,
Lophophorine,
Dichloromethylvinylsilane,
Gelsemine,
Vinylimine,
Sulfotep,
Ipsenol,
Ipsdienol,
Quindoxin,
Propylpyrazine,
Dienochlor,
thioformate,
Guaiapate,
Oxamic,
Acenaphthylene,
diacetylacetate,
Fluchloralin,
Carbazole,
Fluoranthene,
peroxynitrate,
Ethenzamide,
Taurine,
Methanol,
Benzethidine,
Octanoic,
Basic,
methanephosphonate,
Cyano,
Bromonitromethane,
Furazabol,
Dxylose,
Cycloheptylamine,
Dinitropentamethylenetetramine,
propylmalonate,
Potassium,
Ethenylthiourea,
Dimethylvinylethynylmethanol,
Larixol,
Proflavine,
Ethenylcyclopropane,
tcnb,
Neopentylglycine,
Carbon,
Methyldesorphine,
Isoserine,
Testosterone,
palmitate,
Chlorpheniramine,
Meclofenamic,
Tetraethyllead,
Pyridotetrazole,
Tetrafluorophthalic,
Anisindione,
Clomipramine,
Nitrazepam,
Indigo,
Riboflavine,
Isoprenaline,
Neoabietic,
Phenylsuccinonitrile,
oxide,
Allicin,
Diglycine,
Bromotrimethylethylene,
Buprofezin,
phthalimidomethylphosphonate,
Difluoroethanol,
Pidolic,
Estrane,
ethylimine,
Fluorescein,
Phenylalanylanhydride,
Acridophosphine,
Pentafluorophenyl,
Phthalan,
Oxocane,
Chloromethylmethyl,
Oxyphencyclimine,
Shikimic,
Flurazepam,
Tolpropamide,
Versalide,
Drimenol,
Ethyltriethoxysilane,
Oxyphenbutazone,
Picolamine,
Citronellic,
Octyltriethoxysilane,
Isothipendyl,
Chlorodimethylborane,
Undecanenitrile,
Ethylketene,
trithioborate,
Propanedioyl,
Octadecanenitrile,
Tetraisopropyl,
Diethylberyllium,
iminopicolinate,
Norflurazon,
difluorosilane,
Cyclandelate,
Aminocarb,
Ocean,
Narcotine,
Thiethylperazine,
Sulfisomidine,
perfluorooctanonate,
Ferrocenium,
Tetramethyl,
Hydroxy,
Tetrafluorodiethylamine,
Ancymidol,
Carbofuran,
benzylphosphonate,
azelate,
Crotetamide,
Propylhexedrine,
Aldrin,
Ethanethioamide,
monohydrazone,
Tetrachloro,
Isocyanocyclohexanechromium,
Aflatoxin,
nonanoate,
butylformate,
Cycloheptaneethanol,
Nealbarbital,
Methotrexate,
Methanimine,
Tolylfluanid,
Alprazolam,
Diloxanide,
Naproxen,
Tripentyl,
phosphonic,
Propargylaldehyde,
Norethisterone,
Bromal,
Aminoiminomethanesulfinic,
Dodecanenitrile,
Senecicannabine,
Stanozolol,
Glycoluril,
Massoialactone,
Dioctyl,
Stannocene,
isobutylhydrazone,
Carbamazepine,
Triisopropylmethanol,
stearate,
Chlorofluoromethyl,
Phenylpropanolamine,
Cinchonamine,
Diheptylamine,
Dichloromethyl,
Phenothiazine,
pentaoxecane,
Quinine,
Tetradecane,
Mebenazine,
Ethylsilatrane,
Cresyl,
Sclareol,
Thebacon,
Cycloheptanone,
Yohimbine,
Methidathion,
Hydrastinine,
Solavetivone,
Chlorodimethoxyborane,
Methylenecyclopropene,
Hexanohydroxamic,
Dimethoxysilane,
Dimethylchlorophosphite,
Metofoline,
Tripropylene,
Berberine,
Isopropryl,
dibromomalonate,
Spirohexane,
Decamethylcyclopentasiloxane,
pimarate,
methacrylate,
Dimethylzinc,
sulfamide,
Trimethylene,
Bromoformonitrile,
Promoxolane,
Bicyclobutylidine,
Menthol,
Methylcyclobutane,
Furethidine,
nitrite,
Tetraiodothiophene,
ketal,
Pindolol,
Hexacyanobutadiene,
Quinhydrone,
Methoxybromofluoroborane,
Hexanoyl,
Methylhydrazine,
Luteolinidin,
Musk,
Fenformin,
Cyclopentaneacetic,
Triphenylmethyl,
Morclofone,
Benfluralin,
Ethylbenzylamine,
Cotinine,
Dihydroxymethylborane,
Benzylhydrazine,
Xylose,
Fluoroformyl,
Tyrosol,
diamide,
Methylchlorocarbene,
Dimethyltetrathiafulvalene,
Furan,
Noracymethadol,
methoxide,
dimethyltellerium,
Chlorphenesin,
Dithiouracil,
isothiocyanate,
Fluorenol,
Sigmodal,
Lxylose,
Vinyldimethylchlorosilane,
Alphaprodin,
trichloro,
dioctanoate,
Cycloheptadecanone,
Bornylene,
Equilenin,
Allitol,
Halazepam,
Etryptamine,
pentacarbonyl,
Probenazole,
Tetraethyleneglycol,
silicate,
Diphenylmethylene,
ditbdms,
Nepetalactone,
Diphenethylamine,
disperse,
Tetrahydrolavandulol,
Titanium,
Fluorodinitromethane,
Acebutolol,
Spiropentane,
phenylphosphonite,
Fluorotriphenylsilane,
Propargylamine,
Dodecylmalonic,
Sesamol,
Lysine,
Ethyltriphenylstannane,
cyclopropanecarboxylate,
Trichlormethiazide,
isoselenocyanate,
Captan,
Mesalamine,
Dinitromesitylene,
Perfluoromethylcyclohexane,
Perfluorooctyl,
Fluorodinitrophenylmethane,
Ketazolam,
Phenacylacetate,
Loxapine,
Bisisocyanide,
Dribulose,
Pentafluoropropionamide,
Metronidazole,
Dialifor,
Trimethoxyamphetamine,
Cyclodocosane,
mercury,
Isopimaradiene,
Bioallethrin,
Benzamine,
Heptanophenone,
Acetonylprazine,
Biferrocenium,
Hydroxyproline,
Benzeacephenanthrylene,
mercuri,
Ethylcyclopropane,
Cyclopentadienylide,
Meso,
Acetylpyrrolidine,
Felbamate,
Triethylarsine,
Myrtenyl,
Pentamethylantimony,
disulfone,
propiolate,
Cyclopropylidene,
Diethylhexylamine,
Vanadium,
Daniquidone,
Amprotropine,
Tyrosine,
Glyceryl,
Triphenylphosphine,
Cyclohexanecarbonitrile,
diformate,
Etoxeridine,
Heptyl,
Cyclododecanone,
Beclomethasone,
butoxide,
Methyldiethoxysilane,
Vanillic,
Oxydisulfoton,
Vanillin,
Manoyl,
everninate,
Platyphylline,
phenylmethanol,
Eucatropine,
Ethopropazine,
Verbenone,
Pholcodine,
Fosazepam,
Dxylulose,
Isobenzan,
Trifluoronitrosomethane,
Perfluorooctanoyl,
Pelargonidin,
Hydralazine,
Hedycaryol,
disambiguation,
Monochlorobenzoquinone,
Perphenazine,
Cyclohexylisocyanate,
Naftazone,
Methylidyne,
Chloroxazone,
Milnacipran,
Isocarboxazid,
Isocyanobutanemolybdenum,
Thianthrene,
Zytron,
Phellandral,
Sym,
Nafronyl,
Perfluoroethanamine,
Tetradecamethylcycloheptasiloxane,
Dexpanthelol,
Dibromoethanoic,
Patchouli,
Piperidinoacetal,
CYN,
Normorphine,
Thioxanthene,
germane,
Metaxalone,
Terbacil,
eicosanoate,
Peroxydicarbonic,
Nicocodine,
oil,
Diethylthiambutene,
Dodecamethylpentasiloxane,
nicotinate,
Haloxazolam,
Monothioglycerol,
Methyldichlorophosphine,
dichlorosilane,
Tetradecanophenone,
Ipazine,
Nickelocene,
Sclarene,
Bornaprine,
Tributyloxyethylsilane,
Methylphenidate,
Glyoxal,
Dodecanophenone,
Bentranil,
Cyclopentanepropanoic,
Nitroguanylazide,
decylphosphonate,
phosphide,
Disilicon,
sulfohydroxamic,
Vitamin,
chlorophosphite,
Laudanosine,
Benzoinacetate,
Trichlorophenyl,
Methoxyphenamine,
Vinyldifluoroborane,
methylenediphosphonate,
Dithiazanine,
Fenipentol,
Valeranone,
Caprolactam,
Icosanenitrile,
Maprotiline,
Rotoxamine,
Dimethylaminosulfur,
Tetraethyldistibine,
Sparteine,
isoeugenol,
Benzquinamide,
Valnoctamide,
Dinitromethane,
dimethyladipic,
oxyacetate,
dihydrochloride,
Aminocyclobutadieneiron,
Isopropylamphetamine,
Ditertbutyl,
Bisacodyl,
Diphenylphosphinic,
Secbumeton,
Hexananilide,
Thiodiglycol,
Diethylcyanamide,
Bibenzyl,
Methyltartronic,
guanidine,
Diisobutylaluminum,
Cyperene,
Isophyllocladene,
Isoxsuprine,
Cyclothiazide,
phenylacetate,
Malonic,
Napropamide,
Vinylisopentyl,
peroxide,
Thiopropazate,
Rimuene,
Isopropyldifluoroborane,
Cycloheptanol,
methylselenoarsine,
methylphosphonothioate,
Dicobalt,
Heptanenitrile,
Pemoline,
Cyclooctanol,
Fendiline,
Lincomycin,
Tetramethyltetrathiafulvalene,
Hexadecanethiol,
Triaziquone,
Octyltrichlorosilane,
Nimorazole,
Hydromanganese,
Fipexide,
Gammalinolenic,
Hexamethyl,
Imidazole,
Atrazine,
trihydrazide,
Isopropylpyrazine,
Phenethylsulfamide,
dichlorohydrin,
Piperoxan,
Oxalamide,
dithiol,
Domiphen,
phenylhydrazone,
Furancarboxylic,
Quinalphos,
Chrysantenone,
Threonine,
Nonadecanenitrile,
Pyrene,
Benzoin,
monohydrate,
Methitural,
Benzoic,
Ethanesulfonyl,
Nonylphenol,
Hexaacetylmannitol,
myrcene,
Octamylamine,
tellurac,
Benzalacetophenone,
Ninhydrin,
Perthane,
Benzalhippuric,
Alphacetylmethadol,
Properidine,
Furosemide,
Darabinose,
Alphameprodine,
Methoxymethyldiphenylphosphine,
Harmaline,
Veratrylamine,
Molybdenyl,
Aceto phenone,
Isomenthol,
Bromopentachloroethane,
Tetramethyltetraselenafulvalene,
Nortricyclyl,
Thionazin,
Cyclo hexene,
Tetrachlorodibenzodioxin,
Norbornane,
Isooctanol,
Quinoxaline,
Decalinhydroperoxide,
Diphenyldiethynylsilane,
Mucobromic,
heptanoate,
Apronal,
Maleamic,
Dibutyltin,
Fenethylline,
tetramethylphosphorodiamidate,
Perillartine,
Monobenzone,
Moprolol,
ether,
Propargylethyl,
diethyldithiocarbamate,
Benzthiazide,
Diisobutylfomarate,
Ruthenium,
Chlormethiazole,
tetralithium,
Phenylphosphoro,
Cyclopropaneacetic,
Cyclopentadienylmolybdenum,
Methylphenylsilane,
Thanite,
Carvacrol,
Avobenzone,
Octanenitrile,
Homomenthyl,
Heptabarbital,
Monofluoropentaerythritol,
Tributylborate,
Methyltetrahydrophthalic,
Dosulepin,
Lanthanum,
Chloropicrin,
Hispidol,
Zirconium,
Butenol,
Cinnoline,
Metazocine,
Sulfacarbamide,
Aramite,
Acetaldehyde,
Jacozine,
Trans,
palladium,
Indomethacin,
Nopinone,
Triphenylcyclopropene,
Hexamethyldistannaselenane,
Triiron,
Guibourtinidin,
disulfonic,
Sulfameter,
Trimethylsilyllithium,
Nonylphenyl,
Sarcosine,
Triisobutyl,
Methylthiophosphorylchloride,
Azelaoyl,
Bamipine,
Cyclopentolate,
Cyclooctadecanone,
Pyrazabole,
Nortriptyline,
Hexanitroethane,
Ditolylmethane,
Etafenone,
Diglycolic,
Bullvalene,
Dibenzylideneazine,
Diethylsilane,
chloroiodide,
Tributylphosphine,
Chloromethylene,
Diphenylene,
Phenazocine,
Citronellyl,
Norcaradiene,
Carbobenzyloxyglycine,
Doronenine,
Dihydroactinidiolide,
Isocyanocyclohexanetungsten,
Cholic,
vanillylether,
Halothane,
Decaethylcyclopentasilane,
Tetraethylammonium,
Cyclopentanemethanol,
complex,
Dithiodiglycolicdihydroxamic,
Ethylenimine,
Aurone,
sulfoxide,
hexylene,
Fluorocyclopentane,
Pentafluoropropanoic,
Methylalanine,
Quinomethionate,
Dipicrylamine,
methanethiosulfonate,
Spironolactone,
Acepleiadane,
Phenomorphan,
malo nyl,
Uramil,
Saccharin,
Dicyanoketene,
Saccharic,
dithioacetate,
Tricyclohexylmethane,
Carbethopendecinium,
Dibenzoselenophene,
Trichloroaetic,
pentafluoropropionylacetate,
Stearolic,
chlorophosphate,
Ethylphosphonic,
Pentifylline,
Dichlorodiethylsilane,
Dimethoxymethyl,
Cyclopropanecarboxaldehyde,
Isomethiozin,
Isonitrosoacetanilide,
Triallate,
Triethylindium,
Tetramethoxygermanium,
Pyridoxamine,
Oxamyl,
Pentafluorobenzaldehyde,
Homatropine,
Isocyclocitral,
Perimidine,
Metanilyl,
Adenosine,
Protriptyline,
Eugenol,
propionate,
Aromadendrene,
Ferruginol,
Linoleyl,
Nonanoic,
Iproniazid,
Ethylbenzaldehyde,
Morindone,
Acetamiprid,
Tetraisobutylene,
Butocarboxim,
Noruron,
Perfluorohxamethyl,
loflazepate,
Difluoroacetic,
Mepronil,
Tetrabutoxytitanium,
Trifluoromethane,
Llyxose,
Trifluoro methyl,
Neomenthyl,
Dimethylaminoethyl,
Methylanthranilate,
Bromopheniramine,
Ethoxytributylsilane,
dmpfps,
Phenylphosphine,
Dipropylene,
Ethylbenzoylecgonine,
Methylketene,
Resveratrol,
Pentanoyl,
Butethal,
Thiodiglycolic,
Dichromium,
Phenoxypropazine,
Ethaneperoxoic,
Cyclononane,
Phenyldiazomethane,
Pempidine,
diacetonitrile,
Adiphenine,
Cyclopentadienylmanganesedicarbonylthiocarbonyl,
Sulfapyridine,
tertbutoxide,
Dodecahedrane,
Tetramethylphosphorodiamidic,
Diphenylacetyl,
Diethyltartrate,
fluoride,
tetraacetate,
Benzofuran,
Tropicamide,
Oxalic,
nonyl,
Perfluorohexyl,
Difluoromethyl,
Triethyl,
crown,
Mecloqualone,
Atropine,
Sarracine,
Triisobutylamine,
tricarbide,
Muurolane,
Methazole,
Hexaethyldisiloxane,
Folic,
Linoelaidic,
fluoromethanoate,
Carbanolate,
Aceplaidylene,
Triethylamineborane,
Tripropyloxymethylsilane,
Isobutylbenzylcarbinol,
Acrolein,
Soman,
Dimesitylmethane,
Phosgard,
Phenacyl,
Dithiodiglycolic,
Ethanesulfinic,
Julolidine,
Pentadecylamine,
Cyanic,
isovalerate,
Hyoscyamine,
Isopropylamine,
octadecanoate,
fluoroacetate,
Deltamethrine,
Aminodimethylpentafluorophenylsilane,
Dextromethorphan,
Trichloroethylene,
Heptanedioic,
Phensuximide,
Homovanillyl,
Dapsone,
Colchicine,
Chlophedianol,
Methylphosphonothioic,
Lenacil,
tetramer,
Seneciphylline,
fluoromalonate,
Nitropropane,
Cimetropium,
Anthraflavic,
Tartronaldehyde,
Diallylcyanamide,
Mafenide,
Apomorphine,
Hydrobenzamide,
Diamantanone,
alkaloid,
Creatinine,
Tetrahydrothiophene,
Jaconine,
nerve,
Cyclodecanone,
Ethoxycarbonyl,
Cyclopentylbicyclohexyl,
Pipobroman,
Fenitrothion,
Chlordimeform,
Fluorodiphenylmethane,
dimethylphosphoramidate,
Ethylidenecyclopropane,
Methylthiomethyl,
octyne,
Piperine,
Heptane,
Dichloroacetic,
Carphenazine,
Tricresyl,
chrysanthemate,
Isoxazolidine,
Isopropyldecalin,
Methyldicyclopropylglycolate,
Triphenylene,
Ftorpropazine,
Desmethylmedazepam,
Vinylphenylacetonitrile,
Alphamethrin,
cellosolve,
Methyldecylamine,
tetroxane,
Fragranol,
Pantolactone,
EDDS,
Iso cyanato,
Isobutanol,
Pyrazinoic,
Dipiperazinylethane,
Isobutylmercuric,
Flavone,
Hydroxymethyl,
Tetrafluorosuccinyl,
Hexanoic,
Hexamethyldistannathiane,
Nifedipine,
Hexylcaine,
undecylenate,
Diethoxydiethylsilane,
Sulfurous,
Butylmalonic,
diphenyl phosphate,
Ricinoleic,
phosphonoacetate,
Chlorofluoromethylene,
Phenylpropiolic,
Glycine,
Vinyltrimethoxysilane,
Chloramphenicol,
Methamphetamine,
diazene,
phosphate,
Pyrazolidine,
Heptanal,
Papaverin,
Dichloroethane,
Imolamine,
Cedryl,
Cyanazine,
quinaldol,
Dihydromyrcenol,
Elsholtzia,
Droperidol,
Iodoacetonitrile,
Tangeritin,
Holmium,
Senecionine,
Dimethylaminofluorochloroborane,
Proline,
Tenamfetamine,
Octanal,
picric,
Thiabendazole,
Mercaptosuccindihydrazide,
Altinicline,
Fonofos,
butylene,
Diisooctyl,
hydroxytoluene,
methylselenophosphine,
Pentyldiamine,
dicarbonyl,
Diazenedicarboxamide,
tin,
Butanal,
Butylphthalyl,
Chloromethylidyne,
Nonamide,
Phenylthiotriphenyltin,
Thujane,
cyclo hexane,
Clotrimazole,
Flutolanil,
Cyclohexylphenylacetonitrile,
ammonium,
mandelate,
Tribromoacetic,
Procyazine,
Resorcinol,
Nmethylaniline,
Apigenin,
Estriol,
Clonidine,
Nordoxepin,
Edulan,
Zimelidine,
propionylacetate,
Mucochloric,
salt,
Dicrotophos,
Hexamethylene,
dipropionate,
Butyloxytriethylsilane,
Ethoxyacetonitrile,
chlorosilane,
Bromopride,
Decamethylene,
Hydroxypethidine,
Resmethrin,
Nitrosoethane,
Chlorodiphenylphosphine,
Castor,
Cytisine,
Tetrachloroethylene,
Moclobemide,
Diaminopropane,
Cyclopentadienylnickel,
Fipronil,
Acridine,
Decanenitrile,
Cyclobutylamine,
Diboron,
Wighteone,
Tetramethylthiirane,
Benzaldehyde,
Alphalinolenic,
Cyclotetracosane,
Scopoletin,
Benzoxazolone,
Diethylarsinic,
dihydrazide,
ethoxymethyl,
Myrac,
Acetylcysteine,
hydrazide,
Methanesulfenic,
Imidodicarbonic,
Hydroxycitronellal,
Vinpocetine,
Secobarbital,
Oroboidine,
Thiomorpholine,
Cyclooctene,
benzilate,
Tributyrin,
Dimethylstannylene,
Methanesulfenylchloride,
nitrate,
Nonanedioic,
phosphine,
Tetraethylene,
Benzophenone,
monoboride,
Primaquine,
Aminopyrine,
Ethylmorphine,
pentanoate,
Cubane,
Fluorenyl,
Ethanedithioamide,
Furylethylene,
Violuric,
Cyclobutanol,
Phenoxybenzamine,
Ticlopidine,
Meparfynol,
Phenolphthalein,
methanoate,
Dichlorodifluoroethylene,
Cannabinol,
Coumarin,
Tricyanophosphine,
Lorcainide,
Phenyltrichlorogermane,
Lupinine,
Perfluorotetradecane,
Tetradecamethylhexasiloxane,
Thioxanthone,
Cyclododecylamine,
Nickel,
Thiacetazone,
Pristanic,
Antipyrine,
Ethyltrichlorosilane,
Tiglic,
Perfluorotripentylamine,
Isocyano,
Tranid,
Dirhenium,
Anthrone,
diethanolamide,
Benzoyl,
Hexamethylcyclohexane,
Trichloromonofluoromethane,
Arabinose,
fluorophosphine,
Salithion,
Trimethylgermanium,
Hexacyanoethane,
Tetradecanenitrile,
methylphosphonothionofluoridate,
Isocyanic,
Cyclopentanethiol,
Indenyl,
Metyridine,
Etamiphyllin,
Phosphethene,
Methylcyclopentadienyl,
Pi valic,
Tetrahydrolinalyl,
formanilide,
Sulfonal,
Trimethylaluminium,
Nicotinamide,
bphosphaphenalene,
Thiocyanato,
Methantheline,
Trinitrotoluene,
Methysergide,
Triphenylacetic,
Thioacetone,
trichlorocadmate,
Propiolonitrile,
Methdilazine,
Brompheniramine,
formamidomalonate,
Isothiochroman,
Benthiocarb,
Butachlor,
Cyanamide,
Iodomethyl,
Prosil,
tetradecanoate,
phosphite,
Neocinchophen,
Menthone,
Thiodipropylamine,
Trimethylsilylmethanol,
Tridecyl,
Cyclooctanecarboxaldehyde,
Diethylcarbamazine,
Nortricyclene,
phthalate,
Dicyclopropylethanedione,
Cyanopropynylidene,
decacarbonyl,
chloroformate,
Octaglycine,
Dioxybismethanol,
Mebhydrolin,
Perhydropyrene,
Tridecanoic,
Methaqualone,
Cyclohexylphenylmethanol,
Diethynyldiphenylgermane,
Thioacrolein,
Cyclazocine,
Heptanitrocubane,
tetrapropionate,
Amylocaine,
isopropoxide,
Octalene,
Heptadecane,
Nadolol,
Modaline,
Tetrachlorvinphos,
Malononitrile,
Trimethylamine,
Chlorocarbonylsulfenyl,
Methimazole,
Tetrafluorohydroquinone,
Melicopine,
Crotonic,
Diphenylcarbamoyl,
Clotiazepam,
Pentaglycine,
Haloperidol,
Thermopsine,
hydrochloride,
trifluoroacetate,
Bismin,
Octadecyltriethoxysilane,
Fenethazine,
Nitroacetone,
Pentadecyl,
Melatonin,
Diisopropenyldiacetylene,
Benzalphthalide,
triisopropylphosphite,
dipelargonate,
epoxide,
Crotamiton,
Florosenine,
Cyclodecyne,
Cotarmine,
Polyglycolamine,
Carbaril,
Clobutinol,
Anileridine,
triiodide,
methylphosphonofluoridate,
Monoyttrium,
Tricyclohexylmethanol,
Eucarvone,
Alverine,
Octabromodiphenyl,
Metyrapone,
Bolasterone,
hydrogen,
Butanamide,
Trimetozine,
Allyldipropylamine,
Dipropionamide,
cyclohexylamido,
Decanedinitrile,
dimethylaminomethylenediphosphonate,
Acetaldoxime,
diisobutyldithiocarbamate,
Ketoprofen,
Cyclopentadienyliron,
Tetracosamethylcyclododecasiloxane,
hydroperoxide,
Cycloundecanone,
Galactose,
Dihydroxyglyoxime,
tetrahydro,
propa nal,
Diphenyltetramethylcyclotrisiloxane,
Neodecanoic,
Dicyclopropyl,
Citral,
Pyrimethamine,
Propylhydroperoxide,
Bromoacetyl,
Dichlorophenylarsine,
Hexadecanamide,
Paraquat,
Ammodendrine,
Clivorine,
Benactyzine,
Iodine,
Ethylmercuric,
Triphenylchlorosilane,
Phenacemide,
Triisopropylsilyl,
Eudesmol,
Bromoxynil,
thallium,
Bromochloroacetylene,
Iprindole,
Myrcenyl,
Acenaphthene,
Icosanedioic,
Methyldiethanolamine,
Phenylbutazone,
NMethylethanolamine,
Tetraphenylphosphonium,
Naproanilide,
Ethylpropionyl,
Riddelliine,
Fuberidazole,
Cedranone,
Ethylphthalyl,
Methanesulfonic,
Lutetium,
Sethoxydim,
Selenanthrene,
Trifluorothiolacetic,
Isomenthone,
Catecholborane,
Azacyclonol,
Butylmethyldiazene,
Aminoacetaldehyde,
Edifenphos,
Methandriol,
Anilinoacetaldehyde,
Disopyramide,
Ethinamate,
Adipic,
allenyl,
Bromodifluoromethyl,
Totarol,
Propiomazine,
Acepromazine,
Cinnamylaldehyde,
Demoxepam,
Oligoethylene,
Benzoylformic,
Pyrathiazine,
Ethylenediamine,
silyl,
Norpipanone,
Cyclohexylacetylene,
Methoxyacetaldehyde,
Geranonitrile,
Pyrazin,
Dodecane,
diphosphide,
Cyclododecanol,
Dimanganese,
Isopropoxyacetic,
Octabenzone,
Carbonyl,
Dextropropoxyphene,
Hydrocotarnine,
Agarospirol,
Nonadecane,
Ethylphosphonoselenoic,
Ethylephedrine,
methylthiothiophene,
diethylcarbamate,
ethylmalonate,
Lyratyl,
Isoniazid,
Pentachlorophenyl,
nitrosamine,
Adrenosterone,
Isometheptene,
Hyoscine,
Benzocyclooctatetraene,
Isopulegone,
Epicamphor,
Dicyclopentylmethane,
Hexanedinitrile,
Iodotrifluoroethylene,
Cyclopropanecarbonitrile,
Methanethioamide,
Dihydromorphine,
Cinnamaldehyde,
Calusterone,
Tetrahydromethylthiophene,
Cyanopyrazine,
Acepromethazine,
Butethamine,
Capillin,
Dimethylaminomethanol,
Eucalyptol,
Heptadecyl,
Methyldihydromorphine,
Dimethylphenol,
Diethylmethoxyborane,
dioxide,
Cyclopentadienecarbonitrile,
lactone,
Pyrazine,
Diisopropanolamine,
Isolimonene,
Propenoyl,
Phosphorisocyanatidous,
Ectylurea,
Perchlorocyclobutenone,
Linoleic,
Drazoxolon,
Griseofulvin,
vinyl,
hydrochoride,
Sulfosalicylic,
Tricaproin,
Cetylpyridinium,
Oxopropanedinitrile,
Piconol,
Angelic,
Isophytol,
Sesquimustard,
Hexahydrocannabinol,
monocarbide,
Metanilic,
pyrrolidin,
Sulforidazine,
Seychellene,
Cyclopropylphenylmethane,
Methylenediurethane,
Octadecyltrimethoxysilane,
Triglycine,
dihydrocinnamate,
Cropropamide,
Vinyldimethylbenzylsilane,
Trichloropentylsilane,
Octafluoroadipoyl,
Methylboron,
Phenylacetylene,
Ambrox,
Tetrafluorosuccinic,
oleate,
dihydrothiocyanate,
Glucose,
Farmocaine,
Triaquo,
Tetradecanol,
Malonanilic,
Propanal,
selenocyanate,
Cycloheptanecarboxylic,
Hydratropaldehyde,
Propionaldehyde,
Allylphenyl,
carbonate,
Arabitol,
Iprodione,
sulfone,
Desipramine,
Ethion,
Methyldichloroarsine,
Ephedrine,
Scandium,
Isononanol,
Perfluorophenanthrene,
Methyltriacetoxysilane,
maleate,
Glafenine,
Gibberellic,
Cyclohexanehexacarboxylic,
Phenthoate,
Imazalil,
Glycolaldehyde,
Perillaldehyde,
Pentachlorofluoroethane,
Benzothiazyl,
silane,
Fenoprofen,
Undecanone,
Acetophenone,
Phenanthridine,
Monostearyl,
silicide,
phosphinic,
Mirtazapine,
Terbuthylazine,
Tetramethylcyclopropene,
Phenyldichlorosilane,
aldehyde,
Isopropylcyclobutane,
Almokalant,
Flopropione,
Ornithine,
Dicarbonylacetylacetonato,
Perfluoroglutaramide,
Decanedioyl,
Hexanenitrile,
bromothiophene,
Amoxapine,
diethyltellurim,
Dimethylbenzylcarbinyl,
Ketobemidone,
Aspartic,
Diethyldichlorosilane,
Dicyclomine,
Isokaurene,
Propanamide,
Heptadecanal,
bromodifluoroacetate,
trimer,
Cycloundecanecarboxylic,
Glutaraldehyde,
Nitrourea,
Hexanal,
Acetonylguaiacol,
Triallylethoxysilane,
Pentaquin,
Disulfiram,
Phenanthrene,
cyclo pentene,
Tetravinylmethane,
Fenthion,
Heliotridine,
Heptafluoromethanetriamine,
Polyoxymethylene,
Nonadecyl,
Phenoxazine,
Triphenylethylamine,
Diethazine,
Zopiclone,
Phthalazine,
Psilocybin,
Dihydrocarvone,
Trivinylphosphine,
Ethylammonium,
Piperazine,
Isophthalamide,
Betahistine,
Fluoropentachloroacetone,
Lactobionic,
isobutyrate,
Betaprodine,
Cyclopentylidenephenylacetonitrile,
pentafluoropropionate,
Fenalamide,
Carbimazole,
Mepixanthone,
Cyanoketene,
Decamethylrhenocene,
pentasulfide,
Cyclohexanecarbonyl,
Osmocene,
Methyldichloroborane,
tetrabromoferrate,
Thioformyl,
Pentazocine,
allophanate,
Bromodifluoroacetylchloride,
Henicosanenitrile,
Hexabutylthiophosphoramide,
Carbofenotion,
Methyldodecylamine,
Decyl,
Coronene,
Triethylene,
Tetracosanoic,
octacarbonyl,
Pentanenitrile,
Perfluorododecyl,
Trimethylstyrene,
Aprindine,
hydride,
tricosanoate,
decanoate,
Cyprazine,
Mercaptomethyl,
Tridecanedioic,
Stanolone,
Methylphenobarbital,
Chamazulene,
Physostigmine,
Nikethamide,
Methyldibenzothiophene,
Dibenzothiophene,
thiolacetate,
Ethinylestradiol,
Tetrahydrofurfuryl,
Cacotheline,
Biotin,
Diethylaminosulfur,
Nonanal,
Terbutryn,
Cyclooctanemethanol,
Perfluorotributylamine,
Alliin,
Linalol,
Tetrapentylammonium,
cyclo propane,
Widdrol,
Glycopyrrolate,
Maltose,
Isatoic,
Trifluoromethylcyclohexane,
Genistein,
Cyclodecane,
Dibenzyl,
Xanthone,
Dodecaneperoxoic,
Betazole,
Diallyldichlorosilane,
heptadecanoate,
Cisdimethylcyclopropane,
dihydrothiophene,
Picramic,
Perfluoroadamantanone,
Azeleonitrile,
dithiapentane,
Methoxyacetyl,
Dopamine,
Bromophos,
Nordiphenamid,
Benzoylferrocene,
Chlorotriphenyl,
Vinylcyclohexyl,
ethylenediammonium,
mercaptoacetate,
Racemethorphan,
Sultopride,
Chlorocyclododecane,
Tetrapropylhydrazine,
Diethoxy,
Uric,
Chloroxuron,
Furfural,
Ethoprophos,
Chlorendic,
Sulfadiazine,
Delorazepam,
Dimethylfurazan,
Trimethylantimony,
hexanedioate,
Methylthiodiiodoborane,
Cyclohexane,
Clemastine,
Mercaptamine,
azide,
Adenine,
Pyrazinamide,
Acetonitrile,
Butanedioic,
Isopiperitenone,
Phosphorine,
Hydrocodone,
Difluron,
Propylcarbamate,
Sorbitol,
Ethoxyacetyl,
Triphenylacrylonitrile,
methylthiomethylphosphonate,
Phenoxatellurin,
Methoxychlorofluoroborane,
Lilial,
tetrachloroferrate,
Dibutyldichlorosilane,
Altretamine,
Isoxazole,
Dehydroacetic,
Benzofurazan,
Benzoxonium,
Cloxazolam,
Trichloroisocyanuric,
Bornyl,
dithiocarbimidoic,
Isochroman,
Echinatine,
Dibromobutadiyne,
Dimethametryn,
Isobutylmethyldichlorosilane,
Rubidium,
Pipamperone,
Acetylcyclobutane,
Senkirkine,
Germanium,
propyliden,
Dihydrouracil,
Octynoic,
Tetralin,
diphenylphosphinite,
Captafol,
Phenylmaleic,
butanedinitrile,
Europium,
Vinylferrocene,
Crotonyl,
Undecylcyanobiphenyl,
Propyne,
Diphenylgermane,
Iodoethane,
amine,
Cystein,
Hexaethylene,
Dicyclohexylmethanol,
Juniperol,
Icosanoic,
hydrate,
amino,
Cembrene,
tricarbonyl,
Limonene,
Butylphosphonic,
Carvyl,
Triethylaluminium,
Isobutyryl,
Cyclododecyl,
Cellobiose,
Hydroquinidine,
Beta,
Cyanuric,
Glycerol,
Piperophos,
Pentabromodiphenyl,
Tetracyclopropylsuccinonitrile,
Propiolic,
Methylphthalyl,
Isoprothiolane,
Acetoacetic,
Methylenecyclooctane,
Morinamide,
Zolimidine,
Neopentyl,
Dodecanamide,
phenylcarbamate,
Trifluoromethylisocyanide,
Azidotrimethylsilane,
Iridomyrmecin,
Bentazone,
Tributyltin,
Tetraethylpyromellitate,
Clovane,
Mesoridazine,
Folpet,
Isobutyltrichlorosilane,
Carotol,
Prothipendyl,
Tritylamine,
Sertraline,
Flufenamic,
tridecanoate,
Bulnesol,
trisulfide,
Phenylpropynoic,
Pentafluoropropionyl,
Malathion,
Monuron,
Acetochlor,
bromide,
Methyltributyltin,
Hexadecanoic,
trifluoroacetylacetonate,
laurate,
Cyclopentadienylcobalt,
Diacetoxynorbornane,
Ecgonine,
Dextrorphan,
Chlormadinone,
Selenium,
Fumaryl,
Cyclooctenecyclopentadienylmanganese,
Heptadecanoic,
Tolclofos,
Cetyl,
Isomenthyl,
Nerylacetone,
Cyclohexanepropanoic,
monoacetate,
Aristolone,
pentanedioate,
Dimethylnaphthalene,
Cyclopentadienylchromium,
divinyl,
Aminoguanidine,
Phenylaminoethyl,
Methylenecyclopropane,
hydroxyflavone,
Diethylacetylene,
Salicin,
Buflomedil,
trifluoromethanesulfonate,
Thiazesim,
Pentachloro,
Undecafluorocyclohexane,
Ethanol,
Neocarvomenthol,
Silver,
Trivinylborane,
Triphenylethylene,
aminosalicylic,
Laudanine,
Molybdenum,
Hydrobenzoin,
Pentyloxytriethylsilane,
Isolauric,
dimethylcyclopropane,
ethanoate,
Isohexyl,
Cyclobutadienecarboxaldehydeiron,
Iminodisuccinic,
Carvomenthyl,
Fluoromethylene,
Diphenadione,
Camphora,
Iron,
Mequinol,
Lyxose,
monoricinoleate,
Ethoxytriphenyl,
Sulfamerazine,
Margaronitrile,
Perfluorotetracosane,
Ethynesulfenic,
quinone,
Tetraacetato,
Lysidine,
Dibromomethyl,
Glyburide,
Nitroglycerin,
Dodecamethylcyclohexasiloxane,
hexanitrate,
Arsanilic,
Piperilate,
Indene,
Triphenylmethanol,
Undecafluoropiperidine,
Tebuthiuron,
Ethosuximide,
hexamethyltrisilane,
carboxylic,
Tetrahexylammonium,
Viridiflorol,
BOM,
Isocyanotoluenemolybdenum,
Methyldodecahedrane,
Cyclopentylpropionyl,
Hydroxyephedrine,
Didodecyl,
Methapyrilene,
ethyl,
Lefetamine,
Triphenyl,
Sulfaguanidine,
Propane,
rose,
Dicyclohexylsulfide,
Methyltetradecylamine,
Undecane,
Anagyrine,
Isophthalaldehyde,
Pipecolamide,
Phenylcarbamic,
Phenothrin,
Famprofazone,
Dimethylvinylethynylhydroperoxide,
Alphenal,
Ethynol,
Etrimfos,
Tetradecylphosphonic,
Benperidol,
Fencamfamin,
Propene,
methylthiophene,
Deuteriomethane,
propylimine,
Tetrahydroionone,
Mono,
Dehydroabietinol,
Amethocaine,
Cycloheptene,
Butyltrimethylstannane,
Fensulfothion,
Dianisyldiethynylsilane,
Piperitenone,
Chlorodifluoroacetic,
Plutonocene,
Pyridostigmine,
aceton,
Bufotenin,
Triethylsuccinic,
Phenadoxone,
Monoacetine,
arsonic,
Octaverine,
Ledol,
Diflusinal,
Fisetinidin,
acetonide,
ketoxime,
Neoligularidine,
glycol,
Heneicosanoic,
Cyclohexanecarboxaldehyde,
telluride,
Isoelemicin,
Chlorotrianisene,
Proquamezine,
chloroacetate,
Methylthiodifluoroborane,
Pyrrolidine,
Difluorocyanamide,
tetraphenyl,
Chloranilic,
Perhydrotriquinacene,
Anthranthrone,
Cyclohexylammonium,
linoleate,
bisulfate,
Isopropyltrimethylsilane,
Alloxazine,
Embramine,
Lupanine,
Terpinenyl,
Ethyldicyclohexylamine,
Borneol,
Trimethoxymethyl,
Perfluoroethylcyclohexane,
aminobenzoic,
Pindone,
Diethyltryptamine,
diacetate,
Chlorpromazine,
Nipecotamide,
ethynyl,
Dimethylarsine,
monocyanide,
Galactitol,
Salacetamide,
methylthiophosphine,
Alachlor,
Flamprop,
Dibromofluoroacetic,
Duomeen,
Chloropropylmercury,
Permethrin,
Allopurinol,
pimelate,
Cyclopentanone,
Pinitol,
Malaoxon,
Tributylamine,
Hexadecaneperoxoic,
Cerulignone,
Octadecanoic,
Perillyl,
Hydrocortisone,
Clonazepam,
Pyrrole,
Methanesulfonyl,
Dimethylgermanone,
Tetraethoxyallene,
Chloropyramine,
Leucinocaine,
thiocyanate,
Cyclobutanecarboxylic,
Pipecolic,
Ethylen,
Diphenyldichlorosilane,
sandaracopimarate,
Trimethyllead,
perfluoroheptanoate,
Butyltrimethylhydrazine,
Trifluoromethanesulfenyl,
Isopropylnaphthalene,
Perfluidone,
Protopine,
Dibromofuroxan,
Chlorothioformylsulfenylchloride,
Heptabromodiphenyl,
Methyldiphenylvinylsilane,
Butanilicaine,
phosphazoanilide,
Octadecamethyloctasilane,
Argentilactone,
Diphenylphosphoryl,
Mesitylacetic,
Clobazam,
salicylate,
Chloroethyl,
Diosphenol,
Fumaronitrile,
Biperiden,
Decanedioic,
Heptanoic,
Thujopsene,
Ajmaline,
Methylselenoacetate,
Diaminopentaerythritol,
Pyridine,
Chloro,
Dibucaine,
Trifluoperazine,
crotonate,
Neoisomenthol,
Cobaltocene,
Cyclopropanol,
Cyclododecane,
Thozalinone,
Granatane,
Mephenesin,
Desmedipham,
Medazepam,
Selenoacetaldehyde,
Ethenesulfenic,
dibromide,
Chrysene,
Triethoxymethane,
Oxepane,
Ethylamine,
Carvone,
metilsulfate,
hydrothiocyanate,
Chloropyrazine,
Cyclooctatrienyne,
Peroxytridecanoic,
Hexahydroxycyclohexane,
Hypusine,
isooctyl,
Aziprotryne,
Butylate,
Dimethylcadmium·dimethyltellurium,
Phenampromide,
Benfluorex,
Triethylenetetramine,
Diampromide,
Chlorambucil,
Hexamethylcyclotrisiloxane,
acetate,
Nonanoyl,
Narcobarbital,
Cyanomethyl,
Uracil,
Benzoylcarboxyperoxide,
phenylacetylenide,
Benzododecinium,
Lipoic,
Fluorodimethoxyborane,
Octodrine,
diethylmalonate,
Chlorodifluoromethyl,
Cyheptamide,
Piperonyl,
Phenyltoloxamine,
Propanesulfonylacetonitrile,
Pyrazon,
Pentabromophenol,
Formaldehyde,
Doronine,
Pinic,
Phthalic,
fluoroberyllate,
Arsinecyclopentadienylmanganese,
Tegretol,
Ethylidenecycloheptane,
Trachylobane,
Fentiazac,
dodecanoate,
Carvotanaceton,
monovinyl,
borate,
Thiepane,
Temazepam,
Trityl,
Colchiceine,
Oxandrolone,
Cyclopentanol,
Pimeloylchloride,
Trimethylgermanyltriphenyltin,
Fludiazepam,
Elemene,
Etidocaine,
Benzoselenazole,
Allylphosphonic,
tetrafluoroborate,
Trilithium,
Sabinene,
Cyclobutyl,
Ethylmethylthiambutene,
Perfluorotrihexylamine,
Nerolic,
Phenmetrazine,
dicalcium,
Dibenzofuran,
Rhombifoline,
Didecyl,
Promethazine,
Dimethylthexylsilyl,
citrate,
Pentanal,
Nitroethene,
Cyclohexaneethanol,
Triphenylphosphate,
Dendrolasin,
Selenophene,
Cyclobutane,
Isobutyl,
Anagrelide,
Brolamfetamine,
Ethylidenecyclobutane,
Isopropalin,
Carisoprodol,
Doxylamine,
Pentaethylacetophenone,
Desoxyanisoin,
Viridiflorene,
Triclopyr,
Hexabutylditin,
Dextroamphetamine,
Cyclopentylcyclohexane,
sulfate,
Amyl,
Cubene,
Tetrasul,
Butane,
Undecenal,
Propiconazole,
Ethchlorvynol,
Aklomide,
octanoate,
dimethylpyrophosphonate,
Miconazole,
Cyclohexanol,
Ketocaine,
Cyclohexyl,
Trimethylsilyl,
ethylphosphonate,
Distyryl,
Octanedinitrile,
Alanylglycine,
Hexadecamethylcyclooctasiloxane,
Pinocarvone,
Chlorproguanil,
Glycolamide,
Diisopropylamine,
Copper,
Tiapride,
Padimate,
Diphenylmethyl,
Tetrapropyl,
Methylphenylfluorosilane,
Tetrazepam,
Phenylethanolamine,
tibetene,
Anthracene,
hexadecanoate,
Yomogi,
Hydroxytoluic,
Hexobarbital,
Propyltrimethylhydrazine,
Succinonitrile,
bromoacetate,
Vincamine,
Pyridinium,
nonylbicyclohexyl,
Quinolinimide,
methanesulfonate,
Sulfathiazole,
monomethylether,
butyrate,
Tetraethylsuccinic,
trichloride,
acetylcyanoacetate,
Sulfur,
dicyanomethylide,
Cyclobutadiene,
methylfuran,
Perhexiline,
Quercitol,
Methanethiol,
Aminopyrazine,
isopentyl,
Thujone,
glycylglycinate,
Ambroxol,
dichloride,
Bamethan,
Trifluoromethanesulfonyl,
bromochloroacetate,
Rociverine,
Thioacetaldehyde,
Biphenylene,
Levopropoxyphene,
Galangin,
Dimethoate,
Hexamethylditin,
Durohydroquinone,
Anisaldazine,
Hydrazinecarbothioamide,
Acephenanthrylene,
Indenone,
Isopinocamphone,
Dimetacrine,
Chloropropylate,
Allyldiethoxymethylsilane,
Dimethylgermathione,
cinnamate,
Decafluorocyclohexene,
Diisoamylene,
Tetramethylbutanedioic,
phosphorocyanidate,
linolate,
Cyclooctane,
Ethylmethyl,
Tribromoethene,
hypochlorite,
Methoxydichloroborane,
Pramoxine,
Saccharopine,
Methylenecyclononane,
Melicopidine,
Inosine,
Menthyl,
Himachalol,
Cycloheptanemethylamine,
Cloperastine,
ethenyl,
Propadienylidene,
Fluoromethylidyne,
Curcumin,
Hypoxanthine,
succinate,
Dihydromyrcenyl,
Ethylamphetamine,
Cyclopentene,
Glycidyl,
Larabinose,
Octafluoromethanetetramine,
Chlormene,
chlorofluoride,
Mevinphos,
Meconic,
Ethyldichlorosilane,
Octyloxycyanobiphenyl,
Methionine,
Nitrosoethylene,
Triflupromazine,
Diphenylberyllium,
Triphenylsilanamine,
Psicose,
Methyldithio,
Tetramethylammonium,
Chlornaphazine,
Patchoulane,
Hexafluoromethanediamine,
Bromochlorofluoromethane,
Diphenhydramine,
Chloroform,
Howflex,
Cyclopentane,
Fluvoxamine,
Trichloromethyl,
carbophenothion,
Cyanophos,
Phosphirane,
Diethylheptylamine,
Dimercaprol,
C0H0O,
Triisopropylsilane,
Propyzamide,
Isopropylbarbituric,
trichloroacetate,
Tetrabutyl,
Pentadecanoic,
Pentafluoropropionic,
Ethoheptazine,
Zylofuramine,
Chelerythrine,
Iridium,
Xylulose,
Tabun,
Homophthalic,
Dinocap,
Piperocaine,
Dimethylaluminum,
purpurate,
Pentylenetetrazol,
Biphenyl,
acetylacetonate,
Dimethyl,
Ethanethioic,
Ethylmalonic,
Ionone,
Triisobutylene,
Butanedioyl,
Sevoflurane,
Cyclotridecane,
Butanoyl,
Methylthiothichlroborane,
Xanthine,
Triamantane,
Methyldinitramine,
Ethofumesate,
myristate,
Uranium,
Dimethane,
Dlyxose,
Thiocyanic,
Chromonar,
Methylarsine,
Salicyl,
Diphenylcyclohexylphosphine,
Octadecanamide,
Tripropylsilane,
Urea,
Trinitroacetonitrile,
Hygrine,
semicarbazone,
Perhydrophenanthrene,
Cyclopropanecarboxylic,
Bromodiphenhydramine,
Decanal,
Fenchyl,
Azidocyclopentane,
Distigmine,
adipate,
Nitroxynil,
Ethylcycloheptane,
Pinazepam,
monochloride,
Uranocene,
Cinchonidine,
levopimarate,
Niflumic,
Methacrylamide,
Nortricyclone,
Gallium,
Hexenal,
Octacaine,
cadmium,
propanoate,
Cannabidiol,
Thioproperazine,
Metoprolol,
Tridecanone,
Ethylpentamethyldisilane,
Desalkylflurazepam,
Carbonothioic,
Methylthioacetylene,
sebacate,
Disiladicarbide,
thiocarbonyl,
hexanoate,
Tributyl,
Cycloheptenecyclopentadienylmanganese,
Levodopa,
Syringic,
octylmalonate,
Nonane,
Methyltriphenylsilane,
Deptropine,
Cocaine,
Curzerene,
Cycloheptaneethylamine,
Dioxaphetyl,
Aminomethanesulfonic,
Nonanenitrile,
diphenylacetate,
Sulforaphane,
Trimellitic,
Dimethylberyllium,
Barbital,
Nonadecanoic,
Viminol,
Clotermine,
Pentadecane,
Arbutin,
allylphosphonate,
Trimethyltin,
Methallyl,
Thujol,
Nicotinic,
Difluoroacetamide,
Phenylethylthiol,
bicyclic,
Temefos,
Methoxycarbonylsulfenyl,
Etynodiol,
Crotonaldehyde,
Mazindol,
Aminodiphenylmethane,
Hexafluorocyclobutanone,
Benzoylglycylglycine,
oxalate,
Cyclopentylacetylene,
Glutaronitrile,
Indane,
Hydroxychloroquine,
pinacolyl,
Norephedrine,
geranate,
Heptaethylene,
Acetamid,
tetrathiooxalate,
Dipotassium,
Nootcatane,
Tetradecanoic,
Mecrylate,
pyruvate,
Xylitol,
Cyclotridecanone,
Tropine,
Cyclobutadienyl,
diglycidyl,
Magnesocene,
Tetramethylhydrazine,
Bisabolane,
Tetrahydrotriquinacene,
Piperitol,
Butabarbital,
Globulol,
Fumaric,
Triphenylphosphineiron,
thiophenethiol,
Antimonin,
Phenpromethamine,
ethylidenemalonate,
Galanthamine,
Placidyl,
dimethyldithiocarbamate,
Oxycarboxin,
Cycloicosanone,
tetracarbide,
Trihexylammonium,
Bromotrimethylgermane,
oxanilate,
maleimide,
Cyclohexanebutyronitrile,
Propadienal,
Methylgermanium,
Menadione,
Dichloropropylphosphine,
Monocrotaline,
Propyl,
Chrysin,
alcohol,
Trifluorosilylcobalt,
abietyl,
Phenyl,
Chloroketene,
Cyclopropane,
Stearaldehyde,
Terephthalamide,
Valine,
Thioformaldehyde,
Oxyphenisatin,
Homopiperazine,
Bromoiodomethane,
anhydride,
Catechol,
Retronecine,
Undecene,
cyanomethylphosphonate,
Pinonic,
monochlorohydrine,
Triflubazam,
Dehydrocholic,
Linoleamide,
Triethoxyphenylsilane,
Rhodinol,
Perylene,
Ditechnetium,
Cyclopropene,
Isomaltol,
Methylthio,
Cycloicosane,
Thiocyanogen,
Tetrabutylammonium,
Nonanol,
Phenglutarimide,
Camazepam,
Ethotoin,
dimer,
Dihydroterpinyl,
cyanide,
Oxalacetic,
Methylene,
Echimidine,
Lysergic,
pipecolinate,
Dichloroisocyanuric,
Phoxim,
radical,
Aleuritic,
Heliosupine,
Trimethoxyethylsilane,
Dimethazone,
Heptanoyl,
Pentanedioyl,
Dibenzoylfuroxan,
Prazepam,
thioglycolate,
Benzodithiete,
Methanedisulfonyl,
Reposal,
undecanoate,
Benzothiazole,
Lribulose,
Neopentylidenecyclohexane,
Menthofuran,
Myrtanal,
Dehydroabietal,
Primidone,
Dichloromethane,
diiodide,
Titanocene,
Dirhodium,
Lorazepam,
Oxetane,
Methylnitrazepam,
Piperonylamine,
Propanediamide,
Tetramethylene,
Triisobutylphosphine,
Acetyl,
Cedrol,
Isothiocyanic,
Perfluoronaphthalene,
Tetramethoxymethane,
Eseridine,
glyoxylate,
Cyclopropyl,
Brotizolam,
Dimetridazole,
suberate,
Clofibrate,
Tetrahydrocannabinol,
monoethyl,
Germacrone,
Methylammonium,
sulfuric,
isopimarate,
Oxymorphone,
Trimethobenzamide,
Acetylene,
Diisopropyldithiocarbamic,
Butamben,
Peroxydecanoic,
Methanesulfinic,
Tetradecyl,
Ethylvinyl,
Trimethylgermyl,
Dipropyl,
Bromodiphenylphosphine,
Trimecaine,
Formic,
Molinate,
Neptunocene,
Alizarin,
Heptanolactone,
Dinonyl,
Terephthalic,
Azulene,
Cantharidin,
Tetraisobutylsuccinonitrile,
pentafluoropropanoyl,
Cortisone,
Methanediol,
benzoylacetate,
Triosmium,
Diphenylmethane,
Crufomate,
Thietane,
isopropylidenemalonate,
Nicodicodine,
Ethylphenylsulfoxide,
Bisabolol,
Psilocin,
mercaptopropionate,
Dapoxetine,
Zoxazolamine,
dimethylselenium,
Butyric,
Dimethallyl,
Thiometon,
camphor,
Benzoylprop,
Methylhydrazinium,
Acetylimidazole,
Propionylpromazine,
Hexapropylene,
Lindane,
Pentafluoroguanidine,
diphenylsilane,
Torquatone,
pivalate,
Acetylferrocene,
difluoride,
Trimethylsulfonylmethane,
Phenyltrichlorostannane,
Chlorodiethylborane,
Ethanolamine,
Feclemine,
Chloroprocaine,
Dysprosium,
Heptamethylenesulfide,
Cyclopentanecarbonyl,
Propanenitrile,
Chlorothion,
Diacetoxyscirpenol,
malonate,
Ethynylcyclobutane,
monophosphide,
Hemicholinium,
Ethirimol,
Heptylcyclohexane,
Levomepromazine,
Butanediamide,
Lyratol,
Cimetidine,
Aminoparathion,
Germacrene,
Santolina,
Disulfoton,
Benzoxazole,
Lfucitol,
Dibutyldiphenyl,
Suloctidil,
Azacymantrene,
Styrene,
Hexachlorocyclopropane,
Diphenacyl,
Dimethylphosphinothioic,
Fluoridamid,
Patchoulene,
Pyridazine,
Piroxicam,
Davanone,
cyclobutanecarboxylate,
Retamine,
Nonafluorobutanesulfonyl,
Mefenacet,
Vinyldimethylphenylsilane,
Moperone,
Deoxyadenosine,
dodecyl,
Tetraethoxymethane,
Ellagic,
triphosphate,
Pretilachlor,
morpholinophosphoramidate,
Captodiame,
Desomorphine,
Aminoglutethimide,
Anethole,
Tiletamine,
Bendiocarb,
Sarin,
Triamcinolone,
thioacetamide,
Benzoylecgonine,
Nitroethylene,
Lxylulose,
Protoadamantane,
Caprylic,
Oxadiazon,
Cyclohexanemethanol,
Ethyldimethoxyborane,
trifluoromethyl,
selenide,
Hydroxypentobarbital,
ocimene,
Thiourea,
Docosanenitrile,
Carvomenthone,
Clofenvinfos,
Diisopropyl,
Diamyl,
Dichloroacetaldehyde,
Clemizole,
caprylate,
Kitazin,
Cyclobutanemethanol,
Terodiline,
Isoleucine,
Chalcone,
Levallorphan,
Phenylthio,
Ethylmethylacetylchloride,
Iodocyanoacetylene,
Bronopol,
Tropane,
Trifluoromethanesulfonic,
Decachlorobiphenyl,
Dimethylaminoacetaldehyde,
Glyoxalphenylosazone,
Proheptazine,
Decafluorocyclopentane,
Diacetyl,
carbamate,
ditms,
chloromalonate,
Methylnaphthalene,
sulfite,
Chlormephos,
Barium,
Octanamide,
Thorium,
isoamyl,
Decabromodiphenyl,
Aminoantipyrene,
cyclohexylmethyl,
Curdione,
Manganic,
Hexane,
Cadinene,
Thymidine,
Pheny,
Ethylidifluoroborane,
Flamenol,
Trigermanium,
Nonadecanone,
Ethionamide,
DDT,
Selenourea,
Cyclopropanecarboxamide,
Adamantane,
Quinoline,
trichlorothioacrylate,
Dodecanal,
Nitrosyl,
Chloropyrilene,
Otrichlorophenyl,
Paraldehyde,
Ethylammoniumbromide,
pivalic,
Dichloroethylmethylsilane,
Pentamethylphenylacetonitrile,
Apiol,
Cinnamyl,
Ethylenetricarbonitrile,
Diisobutylphosphite,
Diclofenac,
Tertiary,
Melicopicine,
Triethylenediamine,
Polythiazide,
Precocene,
pdc,
Phenindamine,
Prehnitenol,
Ferric,
Propyloxytriethylsilane,
oxime,
Ethenamine,
Pyrazinecarboxaldehyde,
Dipipanone,
Leucylglycylglycine,
Clovene,
Estrin,
Cerium,
Methiomeprazine,
Antazoline,
Vinylisobutyl,
Prenylamine,
Acetylacetone,
Diallylaminoacetone,
Mestranol,
Isobutyraldehyde,
sulfonamide,
chloromethyl,
Methyloctadecyldichlorosilane,
Pseudococaine,
Pyrithyldione,
Biacetyl,
dicarbide,
Cyclohexanamine,
etherate,
Triadimenol,
Quinazo,
Propyldiammonium,
Sebacic,
Diethylpentylamine,
Oleic,
Cyclopentylcycloheptane,
Gamabufotalin,
Nicotine,
tetrabromide,
Plumbocene,
Dicarbon,
Mercurocene,
formate,
Ethoxydimethyl,
dicyclohexyl,
Pentobarbital,
Pentafluorobenzoyl,
Tetramethylthiuram,
chamigrene,
Bicyclogermacrene,
Myristicin,
Artemisia,
Dodecanoic,
Naphazoline,
Chlorothymol,
Phenazine,
Trachelanthamine,
Dicesium,
Pyrocatechol,
monosulfide,
Vinbarbital,
Myrtenal,
Megestrol,
Triazolam,
Trichloroacetonitrile,
pentyl,
Hotrienol,
Methacryloyl,
Trichloroacetyl,
Allylprodine,
Proxyphylline,
Triphenylformazan,
Dimefline,
Allylchlorodimethylsilane,
Diisopropylcyanamide,
ethylene,
Perfluorooctane,
Ethylparaben,
Furazolidone,
Tetrachloroveratrole,
Tetradecanal,
Carbocaine,
Tricosanenitrile,
Ambutonium,
Furaldehyde,
Tridecylamine,
Noramidopyrine,
Vinyldiphenylchlorosilane,
Dioxirane,
Diethylene,
Carbosulfan,
Chlomethoxyfen,
Piracetam,
Methylhydrindan,
Oxiranyl,
Benzamide,
Diphenylpyralamine,
Anisyl,
Trihexyphenidyl,
Androsterone,
Methanesulfonylacetonitrile,
Trifluoromethanethiol,
Hexanedioic,
phenoxyacetate,
Aminothioacetic,
Etisazole,
Caranone,
Bisnortilidine,
Cyclopentadienylirondicarbonylchloride,
Cyclobenzaprine,
Hexafluoroglutaric,
butyl,
Tetrabutyldiphosphine,
Androstane,
Nordazepam,
Trazodone,
Tridecane,
phenylphosphonate,
Adonitol,
Ambucetamide,
Flavianic,
carbitol,
orthoformate,
Flunitrazepam,
Hexoestrol,
formazan,
Pirimicarb,
Isopulegyl,
Cyclopentanamine,
Fenpropimorph,
Perfluorodimethyldecahydronaphthalene,
Fulminic,
Acrylamide,
Pyridium,
Isogeraniol,
Naphthalene,
Cycloheneicosane,
Azaperone,
Pyrroliphene,
isopropyl,
Crotoxyphos,
Arachidonic,
Hexafluoroacetone,
Methoxyacetylene,
Decanamide,
Dibutylarsinic,
Isoquinoline,
Ibogaine,
Furamide,
Lewisite,
Niobocene,
Dihydrocodeine,
disulfide,
Pentafluorodimethyl,
Terphenyl,
Trimethylphosphine,
Cyclononyne,
Lidocaine,
dichlorophosphate,
pentaethylate,
Trifluperidol,
Phenoperidine,
caproate,
OODimethyl,
Dimethyltelluride,
Hexylresorcinol,
Magnesium,
Tryptophan,
Cycloheptyl,
Isobutylisocyanide,
Norpropoxyphene,
Thorocene,
Ethyldichlorophosphine,
Alanine,
Cyclopropanimine,
Octafluorocyclobutane,
Adamantylmethylether,
Pentadecanolide,
Methyldiallylamine,
Sandaracopimaradiene,
mercaptan,
Oxpentifylline,
Hydromorphone,
Pentamethylcyclopentadienyl,
Pentafluoromethylamine,
Trimethylgermane,
Vinyloxy,
Triprolidine,
Tributylborane,
Hydroxylupanine,
Melibiose,
Tetracosamethylundecasiloxane,
Chlorcyclizine,
Methotrimeprazine,
Pentachloroaniline,
Dialuminum,
Carminic,
Tetraamylstannane,
Glutamine,
glutarate,
Smipine,
Chloral,
Benzonitrile,
Bromotrimethylsilane,
Cytidine,
Morpheridine,
Tetrapropylammonium,
Beryllium,
Propanoic,
Thiram,
Allyloxytrimethylsilane,
phellandrene,
Chlorbicyclen,
Clorethate,
Nicotinyl,
Cycloheptane,
Retinol,
yttrium,
triethoxide,
Chlorofluorotrimethylantimony,
Eicosene,
Integerrimine,
Epiaphylline,
Chloracyzine,
dicarboxylate,
Isatin,
carbide,
Amineptine,
Aldopentose,
Isobutyranilide,
Methylamine,
Proxymetacaine,
phosphorotrithioite,
Undecanoic,
Encyprate,
Molindone,
oxamate,
Deoxynivalenol,
Tetrathianaphthacene,
Deoxyguanosine,
Tetraphenylarsonium,
Tolnaftate,
Hexyloxytriethylsilane,
Triphenyltin,
Tartronic,
diisocyanate,
Diethylaminoethyl,
Tartaric,
Diethylcyclohexane,
Trimethoxybutylsilane,
Decylcyanobiphenyl,
Lumazine,
Methylcyclopropane,
Curlone,
Etodroxizine,
Disilyl,
Bromomethyl,
Isothiazole,
Guaiol,
Ethiofencarb,
Prajmaline,
Fluacizine,
Ethyldimethylsilanol,
Chlorprothixene,
Nitro,
Pericyazine,
Quinuclidine,
Trimethylindium,
phenylethynylacetylenide,
hexacetate,
Phenethyltrichlorosilane,
Strychnine,
fluorophosphate,
Endosulfan,
Dichloromethylmethyldichlorosilane,
Decanol,
Ethyldiethanolamine,
Morphine,
Propyphenazone,
Ethyldiphenylphosphine,
Chlorproethazine,
Iditol,
Dioxathion,
transannular,
Pulegone,
Thiothixene,
Hydroquinone,
Naphthacene,
oxon,
AcetylCoA,
Triethylphosphine,
Oxazole,
Vinclozoline,
Tricosanoic,
Pencycuron,
Lilac,
Methoxytriethylsilane,
Cyclohexanecarboxylic,
malate,
ketone,
Kynurenic,
NNdicyclohexyl,
Heptanedinitrile,
Endrin,
Norfenfluramine,
Decaglycine,
Penoxaline,
Piperidine,
Fluorenone,
furoate,
Heptafulvene,
glycolate,
undecanedioate,
Carboxin,
methanethiosulfinate,
Glutarimide,
Diphenylphosphinodithioic,
Iodocubane,
Triethylbutanedioic,
Cycloundecane,
Gonane,
dinitrate,
Ethylvinyldichlorosilane,
Anhalonidine,
Dichlorodifluoromethane,
Tetracyanoethylene,
Allylthiourea,
Selinane,
Bitoscanate,
Pizotifen,
Platynecine,
Cinchonine,
Dipropyldiazene,
Dimethylammonium,
Tetrachloroisophthalonitrile,
Propylthio,
Pentaerythritole,
Oxymesterone,
Isopimpinellin,
Perbenzoic,
Cyclododecene,
Perfluoromethyldiethylamine,
Diethanolamine,
Benzylmalonic,
Eremophilene,
Aldicarb,
Norcodeine,
Oxomemazine,
Monochloropentaerythritol,
Butyrylphenylacetylene,
Metacetamol,
Octanitrocubane,
Hexadecanedioic,
Cyclohexylphenylacetic,
Bromocyanoacetylene,
Lormetazepam,
Tricyclopentylmethane,
Triethylbismuth,
hexacarbonyl,
Aceanthrylene,
Cedrene,
Thialbarbitone,
Acetic,
Thiazole,
iodoacetate,
trichlorosilane,
Chlorpropham,
Isocarvomenthol,
Piminodine,
Diisoamyl,
Dimethylaminetrifluoroborane,
Cyanoethynyl,
Tetradecanamide,
Zerumbone,
Sotalol,
Nalorphine,
Hydroxyzine,
Ethylsulfonylpropanone,
Imipramine,
cobalt,
Glutethimide,
Homosalate,
Methylbenzylglyoxal,
Desmethylflunitrazepam,
ammonia,
Trimeprazine,
isothiocyanatosuccinate,
Bromacil,
Sabina,
Fenmetramide,
Cyclohexanemethyl,
Orphenadrine,
Carbophenoxon,
Cyclohexylidenephenylacetonitrile,
Promazine,
Beclamide,
Trinitrotriphenylmethane,
Octadecane,
Benoxinate,
Normelicopidine,
hypofluorite,
Farnesyl,
Benzyl,
Phenbutrazate,
Azo,
Dexetimide,
Cyproheptadine,
Betaine,
Cyclopropylacetylene,
Naphthylamine,
Nprssnpr,
Amethone,
Methacrylic,
Methylphosphonic,
Difluorodinitromethane,
Methane,
Butylated,
Bromocubane,
Thymine,
Tetraethylhydrazine,
diethylamide,
Chlorimipramine,
Betameprodine,
Formyl,
phosphorothioate,
Pyrazophos,
Metaoxybenzoylecgonine,
Metrifonate,
dioxetane,
Phenylbenzylglyoxal,
Levophenacylmorphan,
Diethoxymethane,
Hexl,
Cyclobutene,
Sodium,
Hydroxybutanedioic,
Cyclooctadecane,
Alprenolol,
sulfide,
Amisometradine,
acid,
Thiofanox,
Cycloundecyne,
Cuscohygrine,
Triphenylgermanium,
Dihexyl,
Sulfasomizole,
Thiochroman,
Cinnamic,
Phosfolan,
Triethylamine,
Hexamethylcyclotrisilazane,
Bromophenyltrichlorosilane,
diacrylate,
Tetrathiafulvalene,
Tetracosanenitrile,
Hexadecanophenone,
Dimethylboron,
Disodium,
Trichlorobenzoquinone,
ethylphosphonofluoridate,
Coumafuryl,
Benzodithiene,
Benzylidene,
Guanosine,
Diethadione,
diselenide,
methanetricarboxylate,
Nicametate,
Fluoxetine,
Ethyldihydroxyborane,
Synhexyl,
Hydrazinium,
Cyclodecene,
Tuaminoheptane,
Methylsulfenyliodide,
Chlornitrofen,
Metribuzin,
Methoxychlor,
Diprophylline,
Cloponone,
Triethylgallium,
Pentamethylbenzoic,
Glutamic,
Dicinnamoyl,
Diphenidol,
tantalum,
Pentamethylbenzaldehyde,
Chlorobenzilate,
Phthalimide,
ricinoleate,
Dibenzylmercury,
Benzocyclobutenone,
Dodecanedioic,
Dibenzotellurophene,
Desmethylmethsuximide,
Indole,
Trigonelline,
Tigloidine,
Diphenyl,
Dimethyldocosylamine,
Tolmetin,
Quadricyclane,
Terpinol,
Triphenylphosphinecobalt,
Cycloate,
Dimethylphenylethylcarbinyl,
dimethylsulfide,
Cyanogen,
Normethadone,
Carvomenthol,
Tetradecaneperoxoic,
Allyl,
neoabietate,
Tribromomethyl,
Ribose,
Dimethyloctadecylamine,
perfluoro,
Kepone,
Racemorphan,
Pentamethylpentaarsolane,
chloride,
Ketamine,
Toluene,
dnpfps,
Biphenylchromium,
Ethanesulfonamide,
Perfluoroallene,
Methomyl,
Deoxycorticosterone,
Undecanal,
Tetraisopropoxysilane,
Acetyldihydrocodeine,
Rosmarinine,
Dihydroedulan,
Cetrimonium,
nitrile,
olein,
methylthioarsine,
Benzanthrone,
isodecyl,
Ditungsten,
Suberic,
Stearic,
Dicyanothioketene,
Zipeprol,
Benzidine,
Cythioate,
Barbituric,
Thiamylal,
Perfluorohexamethylprismane,
Phosphaferrocene,
Terpineol,
anisate,
Dienestrol,
anilin,
Chlorocyclopentane,
phenylethyl,
Venlafaxine,
Ethanethiol,
Methyleneaminoacetonitrile,
Lactic,
Neopine,
Phosphamidon,
Pyruvic,
trimethylhydrazine,
Methylanhalonidine,
Oxybenzone,
Brallobarbital,
Flavoxate,
Oxprenolol,
Tricyclopentadienyl,
Methylheptenol,
Sceleratine,
monoxide,
Acetylcyclododecane,
Oxazepam,
Hexamethylenetetramine,
Docosafluorobicyclohexyl,
thiophosphate,
Phosgene,
Cyclohexyldiphenylmethane,
Perfluorodecyl,
Strontium,
Phenylalanine,
Collidine,
Famophos,
Cyclohexadecanon,
Phosmet,
Dibenzoequinene,
Monoaluminum,
azobenzene,
Ethyldichloroborane,
Divinyldimethylsilane,
Phenylmercuric,
Orotic,
Spermine,
Zearalenone,
Etafedrine,
Hexafluoroglutaryl,
Spathulenol,
Cyclopentadienylmolybdenumtricarbonyl,
Hydrocarboxyl,
xc0,
Hydroxymethylene,
Trisdimethylaminosilyl,
Fluphenazine,
Geranyl,
Hexanedioyl,
psychedelic,
Butaperazine,
Piperonal,
Trisilicon,
Theophylline,
Ethylarsonic,
pentaacetate,
Dimethylvinphos,
Neuraminic,
Cresol,
Methylenecycloheptane,
Sultiame,
Perfluorohexamethyl,
Benzyldimethylsilane,
Iodofenphos,
Oxazolam,
lactate,
acrylate,
Diisobutylene,
Isobornyl,
Fusarenon,
Pheneturide,
heptafluorobutanoate,
Artemiseole,
jasmonate,
Propyldimethylchlorosilane,
Transdimethylcyclopropane,
Hexafluoroisopropyl,
Pentapropylene,
tungsten,
Tripelennamine,
Methylcyclodecane,
Coumestrol,
Pyriliamine,
Cyclohexaneacetic,
Decane,
Cyclobarbital,
Etoperidone,
Diazinon,
Cyclopentanecarboxylic,
Methoxypromazine,
Dipentylacetic,
terpinene,
Chlorthiophos,
Mepazine,
Dromostanolone,
Acronycine,
Hippuric,
Tioxolone,
Octanaloxime,
Histidine,
oxohexanoate,
diazoacetate,
Myristoyl,
Oleyl,
tartrate,
Epichlorohydrin,
diethylphosphonate,
Methocarbamol,
Fenarimol,
Anilino,
Ethoxysilatrane,
Salicyaldehyde,
Prostaglandin,
Dimethylphenylphosphine,
Aniline,
Retenequinone,
Aluminium,
Trimethylaminetrifluoroborane,
orange,
Diphenylamine,
Cymene,
Carbisopropoxy,
dodecalactone,
Azetidine,
Phenoxy,
Glycidol,
Acetaldimine,
nonadecanoate,
Tribromsalan,
Norcyclizine,
Phenylselenenyl,
orthobutyrate,
Acoradiene,
hydroxymethylphosphonate,
Elaidamide,
Styramate,
Deoxyribose,
Leucine,
Cyclohexylmethyldichlorosilane,
palmitelaidate,
Monoaminopentaerythritol,
Bithionol,
bisamidrazone,
Chloronitromethane,
Harmine,
Chlorphenoxamine,
Vinylsulfonamide,
dodecacarbonyl,
Diethylaluminumchloride,
Methoxydiiodoborane,
Tetraethyldiphosphine,
Perhydrochrysene,
Diphenylphosphate,
Tetrapentyl,
Alaproclate,
Cyclohexylaminoacetonitrile,
Decanoic,
Nomelidine,
Pentamethylphosphonic,
Methandienone,
Thenyldiamine,
Erbium,
Propylamine,
Usaramine,
Cysteine,
Docosamethylcycloundecasiloxane,
perfluoroisopropyl,
Isoaminile,
Diacetone,
Mannitol,
Paroxetine,
Chloromethanesulfonyl,
Trichloroacrylic,
Dimethylpropanedioic,
Butoxyethyl,
Methanesulfanilide,
Trifluorovinyl,
Triselenothane,
hexyl,
Tetrafluorophthalonitrile,
Benzyltriethoxysilane,
Formetanate,
Trioctyl,
Octane,
Benzoctamine,
Tetrabutylgermane,
Propanidid,
Cyclobutanone,
Mefenamic,
Allyldiethylamine,
Cyclopentadienylidenetriphenylphosphorus,
Nitrilotriacetic,
Tetrahydrocytisine,
allylthioacetate,
Malonanilide,
Undecylenic,
Homoadamantane,
Butylamphetamine,
Phenol,
Trimethylhydroxylamine,
Undecanolactone,
Pirimiphos,
Chloroxylenol,
Amodiaquine,
Methylthiodibromoborane,
Chloroquine,
Nerolidyl,
Ambrettolide,
Isovalerylphenylacetylene,
phenylsilane,
Chinine,
Trifluomeprazine,
dipentyldithiocarbamate,
Ethylnitramine,
suboxide,
Methyldifluorosilylcobalt,
Methylglyoxal,
Octadecyl,
Chloroiodomethane,
Hydroquinine,
Dimethylcadmium·dimethylselenium,
Methanetetracarbonitrile,
Dimethisoquin,
Thioketene,
Mitotane,
diallylmalonate,
Supinine,
Diethylpropargylamine,
Calcium,
Dihydrochrysene,
Icosane,
caprate,
Dihydrojasmone,
Butonate,
Trimeperidine,
Apopinene,
bismuth,
Valproic,
Propanoyl,
Dodecylcyclohexane,
Chloroacetic,
Ethylmethylamine,
Tribromochloromethane,
Diadamantane,
Chlormezanone,
Praseodymium,
Anthranilic,
Zolpidem,
Zinc,
Hydroxyphenamate,
Spartioidine,
Thebaine,
Decanoyl,
Piperidolate,
Estradiol,
Hexacyclopropylethane,
Anhalonine,
Propanolol,
Dimethylthiambutene,
Metolcarb,
Linolenyl,
Sulfamoxole,
Piperidyl,
Allylidenecyclohexane,
Diallyl,
Methylphosphonyl,
Apigeninidin,
Carnegine,
Dimethanolurea,
Nylidrin,
Propionic,
Diphenylethyne,
Isoflavonoid,
Erucic,
Cyclopropanone,
dibromo,
Tetraethyl,
triene,
Metaclazepam,
dibromoacetate,
tataric,
Acetylsalicyloyl,
Cyclobutanecarboxaldehyde,
Butoxycarboxim,
Monocerium,
Dimedone,
isocyanate,
Cyanocyclopentadienyl,
Ribulose,
isocyanato,
Dihydroterpineol,
Oxanamide,
Elassovalene,
Cyclononene,
Propanedial,
Etilefrine,
Desmethylchlordiazepoxide,
Isocyanobutanetungsten,
Citraconic,
Diphenyldivinylsilane,
Benzylmorphine,
Indicine,
Urocanic,
Behenic,
Fluorene,
Oxycodone,
Triacetamide,
Viloxazine,
Semicarbazide,
Pentafluoro,
Heptafluorobutyryl,
Naphthoic,
Manool,
Hexaglycine,
Salicylalazine,
Alphamethadol,
Hydroxyacetone,
Monodecyl,
Dipropyldithiocarbamic,
Talbutal,
Epivincamine,
Xanthene,
Aloe,
Azatadine,
fluoro,
Phosalone,
Uridine,
Benzvalene,
Daidzein,
Phorate,
Rinderine,
Geosmin,
Erythrosine,
Chlorprenaline,
Palmitoleic,
Penicillamine,
Coumaphos,
Iodoxybenzoic,
Ethylmethylisoamylamine,
technetium,
Altritol,
Vinylphenyl,
Bemegride,
Pentane,
iodide,
Longicyclene,
Hexadecanal,
Dibromomethylene,
Chlorine,
Cyclooctyl,
Jesterone,
dithiocyanate,
Hinesol,
Sobrerol,
Chloropentafluoroacetone,
boric,
Cubenol,
Dimethocaine,
Heptafluoropropyl,
Methyltriphenyltin,
Nifuratel,
Trihexyl,
Orthocarbonic,
Sanguinarine,
Cyclooctanamine,
Pyrrocaine,
Pendimethalin,
Mebutamate,
isocyanide,
Fulvene,
Cyclopentadienyl,
Mercuric,
Metipranolol,
Cyclopentyl,
Ethylphenylmalonic,
Ethynyloxy,
Cyclopropenylidene,
Undecyl,
Diisobutoxymethane,
Monomethyl,
Diethylzinc,
Isopropylsilane,
Methoxydifluoroborane,
Osthole,
Tagetonol,
sorbose,
Tetrahydrogeranyl,
Tripropylaluminium,
Methoxytriphenylchloromethane,
Phoshorinane,
Nitroscanate,
Fluoropentanitroethane,
Amitriptyline,
Cyclooctatetraene,
violet,
Formamide,
Chlorodimethylarsine,
Diethylaminoacetaldehyde,
Tripropyl,
Methyl,
Acetylpyrazine,
tritbdms,
Isobutane,
tetracarbonyl,
Galactaric,
Davana,
Benzal,
monobenzoate,
Lactose,
Dihydroheptachlor,
chromate,
Hexadecanenitrile,
Trimethylthiirane,
Bromopropylate,
pentafluoroethyl,
Diethylitaconate,
Methallatal,
Lribose,
dichloridite,
Levorphanol,
thiopropionate,
Pyrazineethanol,
Thymoxamine,
Manganese,
Dimercaptomethane,
Silicon,
ethylenetetracarboxylate,
Procyclidine,
Oryzalin,
Methylephedrine,
Dodecanoyl,
Butamifos,
heptafluorobutanoylacetate,
Piperitone,
Phenylpropargyl,
Iodotrinitromethane,
tetrasulfide,
Methylmalonic,
hexadecylmalonate,
Phenelezine,
Ethylidenecyclopentane,
Retrorsine,
Diethylphenylphosphine,
Sulfamethazine,
Oxymetholone,
Omethoate,
Tributylphosphite,
piperonylacrylic,
Cyclononanone,
Isoxathion,
Cyclopentadienylvanadiumtetracarbonyl,
Broxaldine,
Trimipramine,
carbinol,
Thunbergol,
Glycidaldehyde,
Difluoromethylene,
Phenylmethylammonium,
aminohexanoic,
ferrocene,
Itaconyl,
tetrafluoride,
Dipentaerythritol,
Dichlorofluoromethyl,
Acetophenonechromium,
isocaproate,
Octanoyl,
Tricarballylic,
Caramiphen,
Cyanoallene,
Oxosilyl,
lauryl,
Furfuryl,
Bromoketene,
Fructose,
propargyl,
silanediol,
Panidazole,
Cyclodecanol,
Cyclizine,
Caesium,
monorhodium,
Diisobutyl,
dinitrosyl,
Butyronitrile,
Methaphenilene,
Hexylphenyl,
Ethane,
Methylcyclohexylacetate,
Perilla,
disiloxane,
Dichloro,
Diethyltoluamide,
Oxymetazoline,
Chlorocyanoacetylene,
Diphemanil,
Butralin,
Tetramethylbiphosphine,
Acetoacetyldiphenylamine,
Perfluorodecalin,
Pyrrobutamine,
Ethylidenecyclooctane,
Phthalonitrile,
Ketene,
Levamisole,
Kaurene,
Glutaric,
terephthalate,
Chlorodifluoroacetamide,
Acetylmandelic,
Thiophene,
Tridiphane,
Methoprotryne,
Trimethoprim,
Glyoxylic,
Estazolam,
Oxepin,
Linalyl,
Cyclopentenyl,
Trifluralin,
Methycyclohexanone,
oxalyl,
Brucine,
Melamine,
Tetrahydroxy,
Acephate,
Aminophylline,
Bullvalone,
Cycloheptanemethanol,
Mephenytoin,
angelate,
Quizalofop,
cyclohexylaminophosphonate,
Norchlordiazepoxide,
Tetramethyldiazetine,
cyclohexanecarboxylate,
Ethoxy,
Ranitidine,
Aluminum,
Acetyldicyclopropyl,
Phthalylsulfathiazole,
Cyclopropenyl,
Acetylcarbromal,
Pentanamide,
Codeine,
Beyerene,
Clorgyline,
Heptalene,
Fluoromethyl,
Prochlorperazine,
Dibutyl,
Methylcyanate,
cyclohexadecanone,
Cyclododecyne,
cyanoacetate,
Triazophos,
Sulpiride,
Hystrine,
Thiocamphor,
phenylthiomethylphosphonate,
Butethamate,
Hexadecyl,
Cortol,
monosilicide,
Oxanilic,
Prednisone,
Dihexyverine,
Santen,
Jacoline,
Hydrastine,
Gluconic,
Vetivenol,
Cyclopropaneethanol,
Nonalactone,
Clofibric,
Norethandrolone,
Baicalein,
Perhydrophentermine,
Phenoxaselenin,
tca,
Heptaminol,
Hphenalene,
Cyclopropiophenone,
Bicyclooctyl,
benzoate,
Pinocarveol,
Alloxantin,
Chlorothiazide,
Pentamethyl,
Triethanolamine,
Cycloheptatrienyl,
Phenoxathiin,
Trifluoroacetylurea,
Methoxyflurane,
Isonicotinic,
Propoxyethylene,
Isovaleranilide,
ethylthiomethane,
Tetrahedrane,
Tritylazide,
Octadecanedioic,
Cyclohexylidenecyclohexane,
Flupentixol,
Pipamazine,
Mesurol,
Isopropenylpyrazine,
Diallyldiethoxysilane,
amidogen,
Cyclohexanone,
Hexamethylcyclotriphosphazene,
Morpholine,
Neoisocarvomenthol,
Ethisterone,
Sucrose,
Dichloromethylene,
Fluoroiodomethoxyborane,
Triphenylmethane,
Orthoformic,
Ethenol,
Cycloserine,
Benztropine,
Chlorotributylsilane,
Dimethylgermanium,
Cycloheptadecane,
Phenindione,
Undecanedioic,
Methoxybromochloroborane,
Levomenol,
Alloxan,
Dichlofluanid,
Cyclopentylethynylmethyl,
valerate,
Indolizine,
monoselenide,
Niacin,
Methylenecyclodecane,
Cyclohexanecarboxamide,
Isocrotonic,
Prolintane,
Dicyclohexylphenylphosphine,
Fentanyl,
Diethylstilbesterol,
Nonenone,
hydrazine,
Emodin,
Monododecyl,
Acetaminophen,
Trioxsalen,
Dicyclopropyldiazene,
Durenol,
Acetoacetamide,
glutaconate,
Aletamine,
lead,
Bromopentafluoroethane,
Citalopram,
phosphaphenalene,
Ethoxyacetylene,
Methoxy,
Octaethylcyclotetrasiloxane,
Bromoxylenol,
Pentaerythritol,
Methylvaline,
Bromine,
hexafluorophosphate,
Cyanoguanidine,
Lithocholic,
Carbinoxamine,
tribromoacetate,
Hexadiynedinitrile,
platinum,
Tellurophene,
Ormosanine,
Hexamethyleneiminoacetonitrile,
Sildenafil,
Clothiapine,
vinylphosphonate,
trioxide,
acetamide,
Eicosyl,
hexahydrate,
Dibenzylamine,
Difluoroacetanilide,
furoxan,
Muzolimine,
Hulupone,
Longifolenaldehyde,
Thunberginol,
Monocrotophos,
Benzylamine,
Neopentylamine,
Nanofin,
Asulam,
Methoxyacetonitrile,
Perfluorononanoic,
Neodymium,
Heptaglycine,
fluoroacetonitrile,
Tridecanal,
Neroloxide,
Trimethylammonium,
Dipentyl,
Octahydroindolizine,
Amorphane,
Octadecaneperoxoic,
Picrolonic,
Demelverine,
Tween,
Heptenophos,
Cyclooctatriene,
Isocyanoacetylene,
Homarylamine,
Diethyl,
cyclohexene,
Dioxybenzone,
Monophenyl,
Metoxuron,
dipropyldithiocarbamate,
Eudalene,
imine,
Histamine,
Trimethyldiphosphinyl,
Cyclobutanecarbonitrile,
Bromhexine,
Diethyldiazene,
Methixene,
Bromomethylidyne,
vat,
Xanthorrhizol,
Benoxaprofen,
Pentadecanenitrile,
Cyclotetradecane,
trimethyl,
Ajmalicine,
Clozapine,
Cyclopentadecanone,
pyromellitate,
Chloroacetyl,
Cyclopentanecarbonitrile,
monoruthenium,
Butalamine,
Piperidinone,
Vanadocene,
Duloxetine,
vinylacetylenide,
abscisate,
Ethylisobutylmethylamine,
tetrachloride,
Isothiocyanatoacetaldehyde,
inosinate,
Acetone,
Diundecyl,
Isopulegol,
Chromium,
Octamethyltrisiloxane,
peroxy,
Emylcamate,
Pristane,
Sumatriptan,
Phthaldehydic,
rhenium,
Trithiozine,
Allyldiphenylphosphine,
Hexabromoethane,
Bensulide,
Dibenzepin,
Monalide,
diethylacetal,
sulfonyl,
Lithium,
Trimethylphenylgermanium,
Mexiletine,
Hexanamide,
Dimethylphosphinic,
Juniper,
Succinic,
Hexadecene,
Hordenine,
Butylphthalide,
Bromazepam,
Dinonylamine,
Oxirene,
Norclobazam,
Bromotrihexylsilane,
Malonyl,
Tributylphosphinemolybdenum,
Boron,
pyrotartrate,
acetal,
Methoxymethyl,
Profluralin,
Ketopentose,
Diethylditelluride,
Heptafluorobutyric,
Isophosphinoline,
Procarbazine,
Hexadecane,
Trimethylsilylmethylamine,
Dimpylate,
Progesterone,
Dodecanolactone,
Dichloromethanesulfonyl,
Traumatic,
propylphosphonate,
Hexaethylcyclohexane,
Silacyclobutane,
Angustifoline,
Cyclohexanethiol,
octyl,
Dihexylamine,
dicarboxyl,
Phosphorocyanidous,
Etomidate,
Diethylammonium,
Cyclooctanone,
sorbate,
Profadol,
Cyclohexadecane,
Methinophosphide,
Maleic,
Diphenylmethanethiol,
Pentafluoroethyliodide,
Perfluoroicosane,
water,
stilbene,
porphyrin,
retinal,
carotenoid,
norbornadiene,
helicene,
pyranine,
