piceid,
polydatin,
methyl pivalate,
hexanoic acid,
monoethanolamin,
oxamic acid,
hydroxyacetic acid,
allenediol,
propenalol,
hydroxy acetaldehyde,
allenol,
aminomethanol,
trichloroacetaldehyde,
trifluoroacetyl chloride,
chloroacetaldehyde,
trifluoroacetaldehyde,
dinitrogen pentoxide,
diformyl ether,
propiolic acid,
furazan,
methylisocyante,
cyanomethanol,
trifluoromethanol,
hydroxymethylimine,
nitramide,
nitrosomethane,
formaldoxime,
nitrosamide,
thionyl chloride                                                                                                  ",
tricarbon monoxide,
cyanic acid,
hydroxycarbene,
ethyl pentane,
propylcyclooctane,
isopropyl cyclohexane,
fullerene,
c60,
hexafluorobenzene,
antrafenine,
chlorendic anhydride,
pyran,
diethylether,
isoamyl ethanoate,
abamectine,
abietic acid,
actinomycin d,
adenosmeme,
adenosine diphosphate,
adenosine monophosphate,
adenosine triphosphate,
adrenocorticotropic,
alamethicin,
alpha-amanitin,
allantoin,
allethrin,
anabolic steroid,
angiotensinogen,
anisomycin,
antidiuretic hormone,
ascomycin,
auxin,
avidin,
azadirachtin,
beauvericin,
bicuculline,
bilirubin,
brefeldin a,
brassinolide,
butyric acid,
cadaverine,
calcitonin,
calmodulin,
calreticulin,
carnitine,
carrageenan,
cerulenin,
cetrimonium bromide,
chromomycin,
chaparonin,
chitin,
cholecystokinin,
choline,
chondroitin sulfate,
citrinin,
citronellal,
citronellol,
citrulline,
cobalamin,
coniine,
corticosterone,
cyclopamine,
cyclopiazonic acid,
cystine,
cytochalasin,
deoxycholic acid,
deoxyribofuranose,
deoxyribonucleic acid,
erucic acid,
erythritol,
globulin,
glucagon,
glucosamine,
glucose oxidase,
glutathione,
gluten,
glycerin,
glycogen,
glycolic acid,
growth hormone,
hematoxylin,
heme,
hemerythrin,
hemocyanin,
heparan sulfate,
homocysteine,
hyaluronate,
hyaluronidase,
hydroxymethylcytosine,
indigo carmen,
inositol,
insulin,
interferon,
inulin,
ionomycin,
lanolin,
lauric acid,
leptin,
leptomycin,
lignin,
linalool,
linolenic acid,
lipoamide,
malic acid,
mimosine,
mithramycin a,
mitomycin c,
mycophenolic acid,
myosin,
milnolate,
orcin,
orexin,
oxytocin,
palmitic acid,
pantothenic acid,
parathyroid hormone,
pardaxin,
parthenolide,
patulin,
paxilline,
penicillic acid,
penitrem a,
perosamine,
phenethylamine,
phytic acid,
protamine,
pyrethrin,
pyrrolysine,
quinidine,
radicicol,
retinene,
riboflavin,
ribofuranose,
saponin,
secretin,
selenocysteine,
serotonin,
somatostatin,
sphingosine,
squalene,
staurosporin,
sterol,
tannic acid,
tannin,
thc,
tetrodotoxin,
thapsigargin,
thaumatin,
thiamine,
thrombopoietin,
trypsin,
tunicamycin,
ubiquitin,
uracil,
uric acid,
valinomycin,
vanabins,
verruculogen,
nicotinic acid,
pantothenic acid,
pyridoxine,
calciferol,
tocopherol,
naphthoquinone,
folic acid,
freon,
carbon tetrachloride,
tetrachloromethane,
tetracyanomethane,
trichloromethane,
methyl trichloride,
chlorodifluoromethane,
cyanoform,
butadiene,
chloroacetic acid,
chlorofluoromethane,
ethylene glycol,
butene,
propionic acid,
ethoxyethane,
methyl acetate,
acetyl chloride,
ethanamide,
benzyl acetate,
isoamyl acetate,
ethanoic acid,
sodium acetate,
potassium acetate,
acetic anhydride,
methyl chloride,
iodomethane,
dimethyl ether,
oxaziridine,
potassium methoxide,
lithium methoxide,
sodium methoxide,
dimethyl sulfide,
isopropyl alcohol,
dimethyl oxalate,
dimethyl hydrazine,
dimethylamine,
dimethylsulfoniopropionate,
hydroxycarbamide,
cyanide ion,
guanidine nitrate,
cyanate ion,
carbon trioxide,
carbonate ion,
carbon disulfide,
tetrafluoroethylene,
vinyl chloride,
glycolonitrile,
acetate ion,
ethylene dichloride,
ethylene oxide,
acetic acid,
bromoethane,
ethyl alcohol,
diethylamine,
ammonium acetate,
oxalate ion,
malonate ion,
cyanopolyyne,
azete,
aminothiazole,
pyruvic acid,
malonic acid,
nitroglycerine,
ethyl formate,
serine,
glyphosate,
propylene glycol,
propanediol,
cyanuric acid,
cyanuric triazide,
diacetylene,
diiodobutadiyne,
fluorouracil,
vinylacetylene,
flucytosine,
diaminomaleonitrile,
fomepizole,
crotonic acid,
diepoxybutane,
isocrotonic acid,
methacrylic acid,
methyl acrylate,
succinaldehyde,
vinyl acetate,
ethyl bromoacetate,
aceturic acid,
aspartic acid,
THF,
ethyl acetate,
butyl alcohol,
diethyl ether,
Butanediol,
tert Butyl hydroperoxide,
Dimethoxyethane,
Ethoxyethanol,
diethylene glycol,
pyrazinoic acid,
orotic acid,
mercaptopurine,
cyclopentadienone,
cyclopentadienyl anion,
pyridone,
pyridinol,
guanine,
diazepine,
vinylimidazole,
aminopyridine,
methylthiouracil,
cyclopentenone,
allylglycine,
glutamic acid,
pivalic acid,
valeric acid,
neopentyl glycol,
pentafluorobenzoic acid,
tricyanoaminopropene,
orthobenzoquinone,
parabenzoquinone,
bromobenzene,
benzyl alcohol,
chlorobenzene,
benzoyl chloride,
benzoate ion,
fluorobenzene,
picolinic acid,
hydroxyniacin,
citrate ion,
diphenyl ether,
triphenylamine,
iodoaniline,
hydroxymethylfurfural,
phenylboronic acid,
ascorbate,
sulfanilamide,
butyl glyoxylate,
ethyl acetoacetate,
propyl pyruvate,
aceburic acid,
adipic acid,
conduritol,
dianhydrohexitol,
ethylidene diacetate,
glucal,
cycloleucine,
pipecolic acid,
aminocaproic acid,
dipropylene glycol,
trimethylolpropane,
triethylene glycol,
dipicolinic acid,
azaindole,
Benzimidazole,
tropone,
salicylic acid,
hydroxybenzoic acid,
protocatechuic acid,
mesalazine,
benomyl metabolite,
hydrochlorothiazide,
theobromine,
diethyl malonate,
aceglutamide,
bornesitol,
riluzole,
oxindole,
hydroxyindole,
isovanillin,
vanillic acid,
aminomethylbenzoic acid,
hydroxydanaidal,
methyl anthranilate,
tyramine,
aciclovir,
cyclohexanedimethanol,
pinpollitol,
viscumitol,
ethyl galactoside,
cyanoindole,
umbelliferone,
thiochromone,
hydroxyquinoline,
aminoquinoline,
cinnamic acid,
coumaric acid,
caffeic acid,
methylketol,
skatole,
methoxyindole,
hippuric acid,
chavicol,
paeonol,
phenylanine,
cinnamyl alcohol,
gabapentin,
quinaldic acid,
tiabendazole,
hymecromone,
kinetin,
edaravone,
safrole,
ferulic acid,
sulfamethoxazole,
tryptamine,
estragole,
hinokitiol,
pseudoisoeugenol,
coniferyl alcohol,
methyl eugenol,
methyl isoeugenol,
tetracyanoquinodimethane,
methoxsalen,
triamterene,
apiole,
asarone,
elemicin,
oudenone,
propofol,
fluconazole,
benzoyl peroxide,
enilconazole,
luteolin,
quercetin,
phenytoin,
celecoxib,
omeprazole,
cicutoxin,
oenanthotoxin,
falcarinol,
syringin,
estetrol,
capsaicin,
linoleic acid,
indometacin,
androstenedione,
dehydroepiandrosterone,
androstenediol,
dihydrotestosterone,
amygdalin,
tretinoin,
prostacyclin,
prostaglandin E,
dinoprost,
eicosane,
loratadine,
cyhalothrin,
lycopene,
adrenorphin,
calicheamicin,
esperamicin,
hydroxocobalamin,
ndorphin,
amidorphin,
endorphin,
leumorphin,
maitotoxin,
chlorotrifluoromethane,
tetrafluoromethane,
chlorine fluoride,
chlorine trifluoride,
chlorine pentafluoride,
chlorine perchlorate,
chlorine dioxide,
chlorine trioxide fluoride,
chlorine trioxide,
chlorine hexoxide,
chlorine heptoxide,
Chlorine octaoxide,
hydrogen astatide,
hydrogen bromide,
hydrobromic acid,
bromous acid,
bromic acid,
perbromic acid,
ethyne,
hydrocyanic acid,
hydrogen cyanide,
fulminic acid,
methanamide,
formate ion,
formic acid,
methanoic acid,
ammonium formate,
hydrogen carbonate,
lactic acid,
pyridinium ion,
ascorbic acid,
acetylsalicylic acid,
thiamine hydrochloride,
hydrochloric acid,
hydrogen chloride,
chlorous acid,
chloric acid,
perchloric acid,
hydrofluoric acid,
hydroiodic acid,
hypoiodous acid,
iodous acid,
iodic acid,
periodic acid,
isocyanic acid,
nitroxyl,
nitrous acid,
nitric acid,
hydrogen nitrate,
hydrazoic acid,
hypobromous acid,
hypochlorous acid,
hypofluorous acid,
hydrogen phosphate ion,
hydrogen sulfite ion,
phthalic acid,
hyponitrous acid,
hydrogen peroxide,
dihydrogen phosphate,
hydrogen sulfide,
hydrosulfuric acid,
sulfurous acid,
hydrogen sulfate,
thiosulfurous acid,
thiosulfuric acid,
dithionous acid,
disulfurous acid,
dithionic acid,
disulfuric acid,
peroxydisulfuric acid,
selenous acid,
selenic acid,
silicic acid,
tellurous acid,
titanic acid,
arsenic acid,
hydronium ion,
hypophosphorous acid,
phosphorous acid,
phosphoric acid,
perxenic acid,
telluric acid,
cinnabar,
iodate ion,
triiodide ion,
nitrogen trichloride,
dichloramine,
monochloramine,
amide ion,
aminoacetonitrile,
carbamic acid,
sulfanilic Acid,
hydroxylamine,
ammonium ion,
ammonium nitride,
ammonium hydrosulfide,
ammonium nitrate,
ammonium hydroxide,
nitrogen triiodide,
nitric oxide,
nitrogen oxide,
nitrosyl chloride,
nitrosyl bromide,
nitrite ion,
nitrate ion,
nitrogen,
nitrous oxide,
dinitrogen oxide,
dinitrogen tetroxide,
dinitrogen pentaoxide,
oxygen,
dioxygen,
superoxide ion,
peroxide ion,
oxygen difluoride,
dioxygen difluoride,
hydroxide ion,
ozonide ion,
phosphorus trichloride,
phosphorus pentachloride,
phosphoryl chloride,
diphosphorus tetraiodide,
phosphorus pentoxide,
diphosphorus trisulfide,
diphosphorus triselenide,
triphosphorus pentanitride,
sulfur tetrafluoride,
sulfur hexafluoride,
thionyl difluoride,
sulfur dioxide,
sulfuryl chloride,
sulfuryl difluoride,
sulfur trioxide,
sulfite ion,
sulfate ion,
thiosulfate ion,
disulfate ion,
silicon carbide,
silicate ion,
disilicate ion,
silicon nitride,
propanol,
butanol,
pentanol,
tamoxifen,
tartaric acid,
tetrahydrofuran,
thioredoxin,
thymol,
toxaphene,
urethane,
valium,
vanadinite,
vancocyn,
vancomycin,
variscite,
vitamin b,
vitamin c,
vitamin d,
vitamin e,
vitamin k,
vitamin u,
naphthol,
neamphine,
nitric_acid,
nitrophenol,
nuprin,
oestrin,
oestrone,
oleic acid,
oxalic acid,
oxirane,
paraherquamide,
penicillin,
pennamine,
pentacene,
perchlorate,
permanganate,
peroxide_ion,
phosphoric_acid,
phosphorus_monoxide,
phylloquinone,
picene,
picric acid,
pinene,
plastoquinone,
pregnenolone,
progestin,
prozac,
salicylaldehyde,
salicylic,
saxitoxin,
sodium chloride,
sodium persulfate,
sodium phenolate,
sorbic acid,
stearic acid,
succinic acid,
sulfur monoxide,
sulfuric acid,
decamine,
diazepam,
diazomethane,
dinitrotoluene,
dioxane,
diuron,
ecstasy,
epinephrine,
epsomite,
erythrite,
erythromycin,
estrol,
estrone,
ethyl_ether,
ferredoxin,
fluorite,
fumaric_acid,
glucitol,
geraniol,
halite,
halomon,
honulactone,
hyposulfite,
ibuprofen,
isodrin,
isopropanol,
laurencin,
lyphocin,
maleic_acid,
maltol,
mecopar,
mecoprop,
melanin,
mescaline,
methylpyrazine,
mirex,
motrin,
muscovite,
betacarotene,
caryophyllene,
chlorocresol,
chloromethane,
chlorophyll,
cholesterol,
cinnamicacid,
cinnamon,
citric acid,
cortisol,
creatine,
cucurbitine,
cycloxazoline,
cytosine,
abscisic,
acetylcholine,
acroleic,
acrylic acid,
acrylonitrile,
adrenaline,
adrucil,
advil,
allene,
amidox,
amoxone,
anhydrite,
anhydroanguibactin,
anhydroscymnol,
arginine,
arsine,
ascorbic,
asparagine,
aspartame,
aspirin,
aspirochlorine,
carbonic acid,
carbon monoxide,
carbon dioxide,
nitromethane,
allose,
altrose,
arabinose,
erythrose,
gulose,
idose,
mannoheptulose,
mannose,
sedoheptulose,
tagatose,
talose,
threose,
trehalose,
cyclohexadiene,
ozone,
urocanic acid,
hydroquinon,
acetylen,
guanidin,
lemonene,
carbonothioyl,
thenaldine,
ethylsyringol,
dillapiole,
allyltributyltin,
allobarbital,
caffeine,
tolycaine,
benzenesulfonamide,
thiirane,
deoxycytidine,
bromisovalum,
phenylglyoxal,
thiantoin,
dichloroacetate,
meclofenoxate,
enflurane,
dropropizine,
phenylfurazan,
tetrapropylene,
propylene,
heptachlor,
methylphosphonate,
ethylphenylpropiolate,
trifluorosilane,
methazolamide,
hydrobromide,
erythrityl,
cyclooctyne,
phenylisothiocyanate,
rotenone,
dehydromevalonic,
benzhydryl,
acetylenedicarboxamide,
methyltrivinylsilane,
dibenzoate,
neodihydrocarveol,
trichlorosilylcobalt,
cedrenol,
mequitazine,
cyclopropylamine,
toliprolol,
selenoketene,
chlorophacinone,
fominoben,
phosphenodithioic,
tricyclazole,
fenamiphos,
propionyl,
oxychlordane,
isophthalate,
gentiobiose,
isoamylpropylamine,
hexacyanotrimethylenecyclopropanide,
iodotrimethylsilane,
pyrocarbonate,
brassylate,
butanoate,
fumarate,
dicyanide,
apoatropine,
squarate,
tetradecamethylcycloheptasilane,
grandisol,
octahydroazocine,
valeric,
pentadecanoyl,
benzoylmethylphosphonate,
difluoroacetate,
camphene,
aldosterone,
perfluorooctylethylene,
benzil,
tetraethylenepentamine,
palmitoyl,
ethoxyacetaldehyde,
triangularine,
tisopurine,
vinylbital,
trimethoxysilane,
butylmalonate,
thonzylamine,
tetramethyluric,
metolachlor,
amphetamine,
tetranitrate,
fthalide,
orotidine,
viquidil,
diphenylchlorosilane,
isocyanocyclobexanemolybdenum,
noxiptyline,
prochloraz,
thiophenecarboxaldehyde,
trimethylhydroquinone,
dihydrofarnesol,
aphylline,
tributylmethyl,
propiolamide,
benzylacetylenide,
sulfine,
phenprocoumon,
pentorex,
lophophorine,
dichloromethylvinylsilane,
gelsemine,
vinylimine,
sulfotep,
ipsenol,
ipsdienol,
quindoxin,
propylpyrazine,
dienochlor,
thioformate,
guaiapate,
oxamic,
acenaphthylene,
diacetylacetate,
fluchloralin,
carbazole,
fluoranthene,
peroxynitrate,
ethenzamide,
taurine,
methanol,
benzethidine,
octanoic,
methanephosphonate,
cyano,
bromonitromethane,
furazabol,
dxylose,
cycloheptylamine,
dinitropentamethylenetetramine,
propylmalonate,
potassium,
ethenylthiourea,
dimethylvinylethynylmethanol,
larixol,
proflavine,
ethenylcyclopropane,
neopentylglycine,
methyldesorphine,
isoserine,
testosterone,
palmitate,
chlorpheniramine,
meclofenamic,
tetraethyllead,
pyridotetrazole,
tetrafluorophthalic,
anisindione,
clomipramine,
nitrazepam,
indigo,
riboflavine,
isoprenaline,
neoabietic,
phenylsuccinonitrile,
oxide,
allicin,
diglycine,
bromotrimethylethylene,
buprofezin,
phthalimidomethylphosphonate,
difluoroethanol,
pidolic,
estrane,
ethylimine,
fluorescein,
phenylalanylanhydride,
acridophosphine,
pentafluorophenyl,
phthalan,
oxocane,
chloromethylmethyl,
oxyphencyclimine,
shikimic,
flurazepam,
tolpropamide,
versalide,
drimenol,
ethyltriethoxysilane,
oxyphenbutazone,
picolamine,
citronellic,
octyltriethoxysilane,
isothipendyl,
chlorodimethylborane,
undecanenitrile,
ethylketene,
trithioborate,
propanedioyl,
octadecanenitrile,
tetraisopropyl,
diethylberyllium,
iminopicolinate,
norflurazon,
difluorosilane,
cyclandelate,
aminocarb,
narcotine,
thiethylperazine,
sulfisomidine,
perfluorooctanonate,
ferrocenium,
tetramethyl,
hydroxy,
tetrafluorodiethylamine,
ancymidol,
carbofuran,
benzylphosphonate,
azelate,
crotetamide,
propylhexedrine,
aldrin,
ethanethioamide,
monohydrazone,
tetrachloro,
isocyanocyclohexanechromium,
aflatoxin,
nonanoate,
butylformate,
cycloheptaneethanol,
nealbarbital,
methotrexate,
methanimine,
tolylfluanid,
alprazolam,
diloxanide,
naproxen,
tripentyl,
phosphonic,
propargylaldehyde,
norethisterone,
aminoiminomethanesulfinic,
dodecanenitrile,
senecicannabine,
stanozolol,
glycoluril,
massoialactone,
dioctyl,
stannocene,
isobutylhydrazone,
carbamazepine,
triisopropylmethanol,
stearate,
chlorofluoromethyl,
phenylpropanolamine,
cinchonamine,
diheptylamine,
dichloromethyl,
phenothiazine,
pentaoxecane,
quinine,
tetradecane,
mebenazine,
ethylsilatrane,
cresyl,
sclareol,
thebacon,
cycloheptanone,
yohimbine,
methidathion,
hydrastinine,
solavetivone,
chlorodimethoxyborane,
methylenecyclopropene,
hexanohydroxamic,
dimethoxysilane,
dimethylchlorophosphite,
metofoline,
tripropylene,
berberine,
isopropryl,
dibromomalonate,
spirohexane,
decamethylcyclopentasiloxane,
pimarate,
methacrylate,
sulfamide,
trimethylene,
bromoformonitrile,
promoxolane,
bicyclobutylidine,
menthol,
methylcyclobutane,
furethidine,
nitrite,
tetraiodothiophene,
pindolol,
hexacyanobutadiene,
quinhydrone,
methoxybromofluoroborane,
hexanoyl,
methylhydrazine,
luteolinidin,
musk,
fenformin,
cyclopentaneacetic,
triphenylmethyl,
morclofone,
benfluralin,
ethylbenzylamine,
cotinine,
dihydroxymethylborane,
benzylhydrazine,
xylose,
fluoroformyl,
tyrosol,
diamide,
methylchlorocarbene,
dimethyltetrathiafulvalene,
furan,
noracymethadol,
methoxide,
dimethyltellerium,
chlorphenesin,
dithiouracil,
isothiocyanate,
fluorenol,
sigmodal,
vinyldimethylchlorosilane,
alphaprodin,
trichloro,
dioctanoate,
cycloheptadecanone,
bornylene,
equilenin,
allitol,
halazepam,
etryptamine,
pentacarbonyl,
probenazole,
tetraethyleneglycol,
diphenylmethylene,
ditbdms,
nepetalactone,
diphenethylamine,
tetrahydrolavandulol,
fluorodinitromethane,
acebutolol,
spiropentane,
phenylphosphonite,
fluorotriphenylsilane,
propargylamine,
dodecylmalonic,
sesamol,
lysine,
ethyltriphenylstannane,
benzenesulfonate,
cyclopropanecarboxylate,
trichlormethiazide,
isoselenocyanate,
captan,
mesalamine,
dinitromesitylene,
perfluoromethylcyclohexane,
perfluorooctyl,
fluorodinitrophenylmethane,
ketazolam,
phenacylacetate,
loxapine,
bisisocyanide,
dribulose,
pentafluoropropionamide,
metronidazole,
dialifor,
trimethoxyamphetamine,
cyclodocosane,
mercury,
isopimaradiene,
bioallethrin,
benzamine,
heptanophenone,
acetonylprazine,
biferrocenium,
hydroxyproline,
benzeacephenanthrylene,
ethylcyclopropane,
cyclopentadienylide,
acetylpyrrolidine,
felbamate,
triethylarsine,
myrtenyl,
pentamethylantimony,
disulfone,
propiolate,
cyclopropylidene,
diethylhexylamine,
vanadium,
daniquidone,
amprotropine,
tyrosine,
glyceryl,
triphenylphosphine,
cyclohexanecarbonitrile,
diformate,
etoxeridine,
heptyl,
cyclododecanone,
beclomethasone,
butoxide,
methyldiethoxysilane,
vanillic,
oxydisulfoton,
vanillin,
manoyl,
everninate,
platyphylline,
phenylmethanol,
eucatropine,
ethopropazine,
verbenone,
pholcodine,
fosazepam,
dxylulose,
isobenzan,
trifluoronitrosomethane,
perfluorooctanoyl,
pelargonidin,
hydralazine,
hedycaryol,
disambiguation,
monochlorobenzoquinone,
perphenazine,
cyclohexylisocyanate,
naftazone,
methylidyne,
chloroxazone,
milnacipran,
isocarboxazid,
isocyanobutanemolybdenum,
thianthrene,
zytron,
phellandral,
nafronyl,
perfluoroethanamine,
tetradecamethylcycloheptasiloxane,
dexpanthelol,
dibromoethanoic,
patchouli,
piperidinoacetal,
normorphine,
thioxanthene,
germane,
metaxalone,
terbacil,
eicosanoate,
peroxydicarbonic,
nicocodine,
diethylthiambutene,
dodecamethylpentasiloxane,
nicotinate,
haloxazolam,
monothioglycerol,
methyldichlorophosphine,
dichlorosilane,
tetradecanophenone,
ipazine,
nickelocene,
sclarene,
bornaprine,
tributyloxyethylsilane,
methylphenidate,
glyoxal,
dodecanophenone,
bentranil,
cyclopentanepropanoic,
nitroguanylazide,
decylphosphonate,
phosphide,
disilicon,
sulfohydroxamic,
chlorophosphite,
laudanosine,
benzoinacetate,
trichlorophenyl,
methoxyphenamine,
vinyldifluoroborane,
methylenediphosphonate,
dithiazanine,
fenipentol,
valeranone,
caprolactam,
icosanenitrile,
maprotiline,
rotoxamine,
dimethylaminosulfur,
tetraethyldistibine,
sparteine,
isoeugenol,
benzquinamide,
valnoctamide,
dinitromethane,
dimethyladipic,
oxyacetate,
dihydrochloride,
aminocyclobutadieneiron,
isopropylamphetamine,
ditertbutyl,
bisacodyl,
diphenylphosphinic,
secbumeton,
hexananilide,
thiodiglycol,
diethylcyanamide,
bibenzyl,
methyltartronic,
guanidine,
diisobutylaluminum,
cyperene,
isophyllocladene,
isoxsuprine,
cyclothiazide,
phenylacetate,
malonic,
napropamide,
vinylisopentyl,
peroxide,
thiopropazate,
rimuene,
isopropyldifluoroborane,
cycloheptanol,
methylselenoarsine,
methylphosphonothioate,
heptanenitrile,
pemoline,
cyclooctanol,
fendiline,
lincomycin,
tetramethyltetrathiafulvalene,
hexadecanethiol,
triaziquone,
octyltrichlorosilane,
nimorazole,
hydromanganese,
fipexide,
gammalinolenic,
hexamethyl,
imidazole,
atrazine,
trihydrazide,
isopropylpyrazine,
phenethylsulfamide,
dichlorohydrin,
piperoxan,
oxalamide,
dithiol,
domiphen,
phenylhydrazone,
furancarboxylic,
quinalphos,
chrysantenone,
threonine,
nonadecanenitrile,
pyrene,
benzoin,
monohydrate,
methitural,
benzoic acid,
ethanesulfonyl,
nonylphenol,
hexaacetylmannitol,
myrcene,
octamylamine,
tellurac,
benzalacetophenone,
ninhydrin,
perthane,
benzalhippuric,
alphacetylmethadol,
properidine,
furosemide,
alphameprodine,
methoxymethyldiphenylphosphine,
harmaline,
veratrylamine,
aceto phenone,
isomenthol,
bromopentachloroethane,
tetramethyltetraselenafulvalene,
nortricyclyl,
thionazin,
cyclo hexene,
tetrachlorodibenzodioxin,
norbornane,
isooctanol,
quinoxaline,
decalinhydroperoxide,
diphenyldiethynylsilane,
mucobromic,
heptanoate,
apronal,
maleamic,
dibutyltin,
fenethylline,
tetramethylphosphorodiamidate,
perillartine,
monobenzone,
moprolol,
ether,
propargylethyl,
diethyldithiocarbamate,
benzthiazide,
diisobutylfomarate,
ruthenium,
chlormethiazole,
tetralithium,
phenylphosphoro,
cyclopropaneacetic,
cyclopentadienylmolybdenum,
methylphenylsilane,
thanite,
carvacrol,
avobenzone,
octanenitrile,
homomenthyl,
heptabarbital,
monofluoropentaerythritol,
tributylborate,
methyltetrahydrophthalic,
dosulepin,
lanthanum,
chloropicrin,
hispidol,
zirconium,
butenol,
cinnoline,
metazocine,
sulfacarbamide,
aramite,
acetaldehyde,
jacozine,
palladium,
indomethacin,
nopinone,
triphenylcyclopropene,
hexamethyldistannaselenane,
triiron,
guibourtinidin,
disulfonic,
sulfameter,
trimethylsilyllithium,
nonylphenyl,
sarcosine,
triisobutyl,
methylthiophosphorylchloride,
azelaoyl,
bamipine,
cyclopentolate,
cyclooctadecanone,
pyrazabole,
nortriptyline,
hexanitroethane,
ditolylmethane,
etafenone,
diglycolic,
bullvalene,
dibenzylideneazine,
diethylsilane,
chloroiodide,
tributylphosphine,
chloromethylene,
diphenylene,
phenazocine,
citronellyl,
norcaradiene,
carbobenzyloxyglycine,
doronenine,
dihydroactinidiolide,
isocyanocyclohexanetungsten,
cholic,
vanillylether,
halothane,
decaethylcyclopentasilane,
tetraethylammonium,
cyclopentanemethanol,
dithiodiglycolicdihydroxamic,
ethylenimine,
aurone,
sulfoxide,
hexylene,
fluorocyclopentane,
pentafluoropropanoic,
methylalanine,
quinomethionate,
dipicrylamine,
methanethiosulfonate,
spironolactone,
acepleiadane,
phenomorphan,
malonyl,
uramil,
saccharin,
dicyanoketene,
saccharic,
dithioacetate,
tricyclohexylmethane,
carbethopendecinium,
dibenzoselenophene,
trichloroaetic,
pentafluoropropionylacetate,
stearolic,
chlorophosphate,
ethylphosphonic,
pentifylline,
dichlorodiethylsilane,
dimethoxymethyl,
cyclopropanecarboxaldehyde,
isomethiozin,
isonitrosoacetanilide,
triallate,
triethylindium,
tetramethoxygermanium,
pyridoxamine,
oxamyl,
pentafluorobenzaldehyde,
homatropine,
isocyclocitral,
perimidine,
metanilyl,
adenosine,
protriptyline,
eugenol,
propionate,
aromadendrene,
ferruginol,
linoleyl,
nonanoic,
iproniazid,
ethylbenzaldehyde,
morindone,
acetamiprid,
tetraisobutylene,
butocarboxim,
noruron,
perfluorohxamethyl,
loflazepate,
difluoroacetic,
mepronil,
tetrabutoxytitanium,
trifluoromethane,
trifluoro methyl,
neomenthyl,
dimethylaminoethyl,
methylanthranilate,
bromopheniramine,
ethoxytributylsilane,
phenylphosphine,
dipropylene,
ethylbenzoylecgonine,
methylketene,
resveratrol,
pentanoyl,
butethal,
thiodiglycolic,
dichromium,
phenoxypropazine,
ethaneperoxoic,
cyclononane,
phenyldiazomethane,
pempidine,
diacetonitrile,
adiphenine,
cyclopentadienylmanganesedicarbonylthiocarbonyl,
sulfapyridine,
tertbutoxide,
dodecahedrane,
tetramethylphosphorodiamidic,
diphenylacetyl,
diethyltartrate,
fluoride,
tetraacetate,
benzofuran,
tropicamide,
oxalic,
nonyl,
perfluorohexyl,
difluoromethyl,
triethyl,
mecloqualone,
atropine,
sarracine,
triisobutylamine,
tricarbide,
muurolane,
methazole,
hexaethyldisiloxane,
folic,
linoelaidic,
fluoromethanoate,
carbanolate,
aceplaidylene,
triethylamineborane,
tripropyloxymethylsilane,
isobutylbenzylcarbinol,
acrolein,
soman,
dimesitylmethane,
phosgard,
phenacyl,
dithiodiglycolic,
ethanesulfinic,
julolidine,
pentadecylamine,
cyanic,
isovalerate,
hyoscyamine,
isopropylamine,
octadecanoate,
fluoroacetate,
deltamethrine,
aminodimethylpentafluorophenylsilane,
dextromethorphan,
trichloroethylene,
heptanedioic,
phensuximide,
homovanillyl,
dapsone,
colchicine,
chlophedianol,
methylphosphonothioic,
lenacil,
seneciphylline,
fluoromalonate,
nitropropane,
cimetropium,
anthraflavic,
tartronaldehyde,
diallylcyanamide,
mafenide,
apomorphine,
hydrobenzamide,
diamantanone,
creatinine,
tetrahydrothiophene,
jaconine,
cyclodecanone,
ethoxycarbonyl,
cyclopentylbicyclohexyl,
pipobroman,
fenitrothion,
chlordimeform,
fluorodiphenylmethane,
dimethylphosphoramidate,
ethylidenecyclopropane,
methylthiomethyl,
octyne,
piperine,
heptane,
dichloroacetic,
carphenazine,
tricresyl,
chrysanthemate,
isoxazolidine,
isopropyldecalin,
methyldicyclopropylglycolate,
triphenylene,
ftorpropazine,
desmethylmedazepam,
vinylphenylacetonitrile,
alphamethrin,
cellosolve,
methyldecylamine,
tetroxane,
fragranol,
pantolactone,
edds,
iso cyanato,
isobutanol,
pyrazinoic,
dipiperazinylethane,
isobutylmercuric,
flavone,
hydroxymethyl,
tetrafluorosuccinyl,
hexanoic,
hexamethyldistannathiane,
nifedipine,
hexylcaine,
undecylenate,
diethoxydiethylsilane,
sulfurous,
butylmalonic,
diphenyl phosphate,
ricinoleic,
phosphonoacetate,
chlorofluoromethylene,
phenylpropiolic,
glycine,
vinyltrimethoxysilane,
chloramphenicol,
methamphetamine,
diazene,
phosphate,
pyrazolidine,
heptanal,
papaverin,
dichloroethane,
imolamine,
cedryl,
cyanazine,
quinaldol,
dihydromyrcenol,
elsholtzia,
droperidol,
iodoacetonitrile,
tangeritin,
holmium,
senecionine,
dimethylaminofluorochloroborane,
proline,
tenamfetamine,
octanal,
picric,
thiabendazole,
mercaptosuccindihydrazide,
altinicline,
fonofos,
butylene,
diisooctyl,
hydroxytoluene,
methylselenophosphine,
pentyldiamine,
dicarbonyl,
diazenedicarboxamide,
butanal,
butylphthalyl,
chloromethylidyne,
nonamide,
phenylthiotriphenyltin,
thujane,
cyclo hexane,
clotrimazole,
flutolanil,
cyclohexylphenylacetonitrile,
ammonium,
mandelate,
tribromoacetic,
procyazine,
resorcinol,
nmethylaniline,
apigenin,
estriol,
clonidine,
nordoxepin,
edulan,
zimelidine,
propionylacetate,
mucochloric,
tricyclooctenobenzene,
dicrotophos,
hexamethylene,
dipropionate,
butyloxytriethylsilane,
ethoxyacetonitrile,
chlorosilane,
bromopride,
decamethylene,
hydroxypethidine,
resmethrin,
nitrosoethane,
chlorodiphenylphosphine,
cytisine,
tetrachloroethylene,
moclobemide,
diaminopropane,
cyclopentadienylnickel,
fipronil,
acridine,
decanenitrile,
cyclobutylamine,
diboron,
wighteone,
tetramethylthiirane,
benzaldehyde,
alphalinolenic,
cyclotetracosane,
scopoletin,
benzoxazolone,
diethylarsinic,
dihydrazide,
ethoxymethyl,
myrac,
acetylcysteine,
hydrazide,
methanesulfenic,
imidodicarbonic,
hydroxycitronellal,
vinpocetine,
secobarbital,
oroboidine,
thiomorpholine,
cyclooctene,
benzilate,
tributyrin,
dimethylstannylene,
methanesulfenylchloride,
nitrate,
nonanedioic,
phosphine,
tetraethylene,
benzophenone,
monoboride,
primaquine,
aminopyrine,
ethylmorphine,
pentanoate,
cubane,
fluorenyl,
ethanedithioamide,
furylethylene,
violuric,
cyclobutanol,
phenoxybenzamine,
ticlopidine,
meparfynol,
phenolphthalein,
methanoate,
dichlorodifluoroethylene,
cannabinol,
coumarin,
tricyanophosphine,
lorcainide,
phenyltrichlorogermane,
lupinine,
perfluorotetradecane,
tetradecamethylhexasiloxane,
thioxanthone,
cyclododecylamine,
nickel,
thiacetazone,
pristanic,
antipyrine,
ethyltrichlorosilane,
tiglic,
perfluorotripentylamine,
isocyano,
tranid,
dirhenium,
anthrone,
diethanolamide,
benzoyl,
hexamethylcyclohexane,
trichloromonofluoromethane,
fluorophosphine,
salithion,
trimethylgermanium,
hexacyanoethane,
tetradecanenitrile,
methylphosphonothionofluoridate,
isocyanic,
cyclopentanethiol,
indenyl,
metyridine,
etamiphyllin,
phosphethene,
methylcyclopentadienyl,
tetrahydrolinalyl,
formanilide,
sulfonal,
trimethylaluminium,
nicotinamide,
bphosphaphenalene,
thiocyanato,
methantheline,
trinitrotoluene,
methysergide,
triphenylacetic,
thioacetone,
trichlorocadmate,
propiolonitrile,
methdilazine,
brompheniramine,
formamidomalonate,
isothiochroman,
benthiocarb,
butachlor,
cyanamide,
iodomethyl,
prosil,
tetradecanoate,
phosphite,
neocinchophen,
menthone,
thiodipropylamine,
trimethylsilylmethanol,
tridecyl,
cyclooctanecarboxaldehyde,
diethylcarbamazine,
nortricyclene,
phthalate,
dicyclopropylethanedione,
cyanopropynylidene,
decacarbonyl,
chloroformate,
octaglycine,
dioxybismethanol,
mebhydrolin,
perhydropyrene,
tridecanoic,
methaqualone,
cyclohexylphenylmethanol,
diethynyldiphenylgermane,
thioacrolein,
cyclazocine,
heptanitrocubane,
tetrapropionate,
amylocaine,
isopropoxide,
octalene,
heptadecane,
nadolol,
modaline,
tetrachlorvinphos,
malononitrile,
trimethylamine,
chlorocarbonylsulfenyl,
methimazole,
tetrafluorohydroquinone,
melicopine,
crotonic,
diphenylcarbamoyl,
clotiazepam,
pentaglycine,
haloperidol,
thermopsine,
hydrochloride,
trifluoroacetate,
bismin,
octadecyltriethoxysilane,
fenethazine,
nitroacetone,
pentadecyl,
melatonin,
diisopropenyldiacetylene,
azoxybenzene,
benzalphthalide,
triisopropylphosphite,
dipelargonate,
crotamiton,
florosenine,
cyclodecyne,
cotarmine,
polyglycolamine,
carbaril,
clobutinol,
anileridine,
triiodide,
methylphosphonofluoridate,
monoyttrium,
tricyclohexylmethanol,
eucarvone,
alverine,
octabromodiphenyl,
metyrapone,
bolasterone,
hydrogen,
butanamide,
trimetozine,
allyldipropylamine,
dipropionamide,
cyclohexylamido,
decanedinitrile,
dimethylaminomethylenediphosphonate,
acetaldoxime,
diisobutyldithiocarbamate,
ketoprofen,
cyclopentadienyliron,
tetracosamethylcyclododecasiloxane,
hydroperoxide,
cycloundecanone,
galactose,
dihydroxyglyoxime,
propanal,
diphenyltetramethylcyclotrisiloxane,
neodecanoic,
dicyclopropyl,
citral,
pyrimethamine,
propylhydroperoxide,
bromoacetyl,
dichlorophenylarsine,
hexadecanamide,
paraquat,
ammodendrine,
clivorine,
benactyzine,
iodobenzene,
iodine,
ethylmercuric,
triphenylchlorosilane,
phenacemide,
triisopropylsilyl,
eudesmol,
bromoxynil,
thallium,
bromochloroacetylene,
iprindole,
myrcenyl,
acenaphthene,
icosanedioic,
methyldiethanolamine,
phenylbutazone,
nmethylethanolamine,
tetraphenylphosphonium,
naproanilide,
ethylpropionyl,
riddelliine,
fuberidazole,
cedranone,
ethylphthalyl,
methanesulfonic,
lutetium,
sethoxydim,
selenanthrene,
trifluorothiolacetic,
isomenthone,
catecholborane,
azacyclonol,
butylmethyldiazene,
aminoacetaldehyde,
edifenphos,
methandriol,
anilinoacetaldehyde,
disopyramide,
ethinamate,
adipic,
allenyl,
bromodifluoromethyl,
totarol,
propiomazine,
acepromazine,
cinnamylaldehyde,
demoxepam,
oligoethylene,
benzoylformic,
pyrathiazine,
ethylenediamine,
silyl,
benzeneacetaldehyde,
norpipanone,
cyclohexylacetylene,
methoxyacetaldehyde,
geranonitrile,
pyrazin,
dodecane,
diphosphide,
cyclododecanol,
dimanganese,
isopropoxyacetic,
octabenzone,
carbonyl,
dextropropoxyphene,
hydrocotarnine,
agarospirol,
nonadecane,
ethylphosphonoselenoic,
ethylephedrine,
methylthiothiophene,
diethylcarbamate,
ethylmalonate,
lyratyl,
isoniazid,
pentachlorophenyl,
nitrosamine,
adrenosterone,
isometheptene,
hyoscine,
benzocyclooctatetraene,
isopulegone,
epicamphor,
dicyclopentylmethane,
hexanedinitrile,
iodotrifluoroethylene,
cyclopropanecarbonitrile,
methanethioamide,
dihydromorphine,
cinnamaldehyde,
calusterone,
tetrahydromethylthiophene,
cyanopyrazine,
acepromethazine,
butethamine,
capillin,
dimethylaminomethanol,
eucalyptol,
heptadecyl,
methyldihydromorphine,
dimethylphenol,
diethylmethoxyborane,
dioxide,
cyclopentadienecarbonitrile,
lactone,
pyrazine,
diisopropanolamine,
isolimonene,
propenoyl,
phosphorisocyanatidous,
ectylurea,
perchlorocyclobutenone,
linoleic,
drazoxolon,
griseofulvin,
vinyl,
hydrochoride,
sulfosalicylic,
tricaproin,
cetylpyridinium,
oxopropanedinitrile,
piconol,
angelic,
isophytol,
sesquimustard,
hexahydrocannabinol,
monocarbide,
metanilic,
pyrrolidin,
sulforidazine,
seychellene,
cyclopropylphenylmethane,
methylenediurethane,
octadecyltrimethoxysilane,
triglycine,
dihydrocinnamate,
cropropamide,
vinyldimethylbenzylsilane,
trichloropentylsilane,
octafluoroadipoyl,
methylboron,
phenylacetylene,
ambrox,
tetrafluorosuccinic,
oleate,
dihydrothiocyanate,
glucose,
farmocaine,
tetradecanol,
malonanilic,
propanal,
selenocyanate,
cycloheptanecarboxylic,
hydratropaldehyde,
propionaldehyde,
allylphenyl,
carbonate,
arabitol,
iprodione,
sulfone,
desipramine,
ethion,
methyldichloroarsine,
ephedrine,
scandium,
isononanol,
perfluorophenanthrene,
methyltriacetoxysilane,
maleate,
glafenine,
gibberellic,
cyclohexanehexacarboxylic,
phenthoate,
imazalil,
glycolaldehyde,
perillaldehyde,
pentachlorofluoroethane,
benzothiazyl,
silane,
fenoprofen,
undecanone,
acetophenone,
phenanthridine,
monostearyl,
silicide,
phosphinic,
mirtazapine,
terbuthylazine,
tetramethylcyclopropene,
phenyldichlorosilane,
aldehyde,
isopropylcyclobutane,
almokalant,
flopropione,
ornithine,
dicarbonylacetylacetonato,
perfluoroglutaramide,
decanedioyl,
hexanenitrile,
bromothiophene,
amoxapine,
diethyltellurim,
dimethylbenzylcarbinyl,
ketobemidone,
aspartic,
diethyldichlorosilane,
dicyclomine,
isokaurene,
propanamide,
heptadecanal,
bromodifluoroacetate,
cycloundecanecarboxylic,
glutaraldehyde,
nitrourea,
hexanal,
acetonylguaiacol,
triallylethoxysilane,
pentaquin,
disulfiram,
phenanthrene,
cyclo pentene,
tetravinylmethane,
fenthion,
heliotridine,
heptafluoromethanetriamine,
polyoxymethylene,
nonadecyl,
phenoxazine,
triphenylethylamine,
diethazine,
zopiclone,
phthalazine,
psilocybin,
dihydrocarvone,
trivinylphosphine,
ethylammonium,
piperazine,
isophthalamide,
betahistine,
fluoropentachloroacetone,
lactobionic,
isobutyrate,
betaprodine,
cyclopentylidenephenylacetonitrile,
pentafluoropropionate,
fenalamide,
carbimazole,
mepixanthone,
cyanoketene,
decamethylrhenocene,
pentasulfide,
cyclohexanecarbonyl,
osmocene,
methyldichloroborane,
tetrabromoferrate,
thioformyl,
pentazocine,
allophanate,
bromodifluoroacetylchloride,
henicosanenitrile,
hexabutylthiophosphoramide,
carbofenotion,
methyldodecylamine,
decyl,
coronene,
triethylene,
tetracosanoic,
octacarbonyl,
pentanenitrile,
perfluorododecyl,
trimethylstyrene,
aprindine,
hydride,
tricosanoate,
dimethylbenzene,
decanoate,
cyprazine,
mercaptomethyl,
tridecanedioic,
stanolone,
methylphenobarbital,
chamazulene,
physostigmine,
nikethamide,
methyldibenzothiophene,
dibenzothiophene,
thiolacetate,
ethinylestradiol,
tetrahydrofurfuryl,
cacotheline,
biotin,
diethylaminosulfur,
nonanal,
hexacyanobenzene,
terbutryn,
cyclooctanemethanol,
perfluorotributylamine,
alliin,
linalol,
tetrapentylammonium,
cyclo propane,
widdrol,
glycopyrrolate,
maltose,
isatoic,
trifluoromethylcyclohexane,
genistein,
cyclodecane,
dibenzyl,
xanthone,
dodecaneperoxoic,
betazole,
diallyldichlorosilane,
heptadecanoate,
cisdimethylcyclopropane,
dihydrothiophene,
picramic,
perfluoroadamantanone,
azeleonitrile,
dithiapentane,
methoxyacetyl,
dopamine,
bromophos,
nordiphenamid,
benzoylferrocene,
chlorotriphenyl,
vinylcyclohexyl,
ethylenediammonium,
mercaptoacetate,
racemethorphan,
sultopride,
chlorocyclododecane,
tetrapropylhydrazine,
silabenzene,
diethoxy,
uric,
chloroxuron,
furfural,
ethoprophos,
chlorendic,
sulfadiazine,
delorazepam,
dimethylfurazan,
trimethylantimony,
hexanedioate,
methylthiodiiodoborane,
cyclohexane,
clemastine,
mercaptamine,
azide,
adenine,
pyrazinamide,
acetonitrile,
butanedioic,
isopiperitenone,
phosphorine,
hydrocodone,
difluron,
propylcarbamate,
sorbitol,
ethoxyacetyl,
triphenylacrylonitrile,
methylthiomethylphosphonate,
phenoxatellurin,
methoxychlorofluoroborane,
lilial,
tetrachloroferrate,
dibutyldichlorosilane,
altretamine,
isoxazole,
dehydroacetic,
benzofurazan,
benzoxonium,
cloxazolam,
trichloroisocyanuric,
bornyl,
dithiocarbimidoic,
isochroman,
echinatine,
dibromobutadiyne,
dimethametryn,
isobutylmethyldichlorosilane,
rubidium,
pipamperone,
acetylcyclobutane,
senkirkine,
germanium,
propyliden,
dihydrouracil,
octynoic,
tetralin,
tricyclopentabenzene,
diphenylphosphinite,
captafol,
phenylmaleic,
butanedinitrile,
europium,
vinylferrocene,
crotonyl,
undecylcyanobiphenyl,
propyne,
diphenylgermane,
iodoethane,
amine,
cystein,
hexaethylene,
dicyclohexylmethanol,
juniperol,
icosanoic,
hydrate,
amino,
cembrene,
tricarbonyl,
limonene,
butylphosphonic,
carvyl,
triethylaluminium,
isobutyryl,
cyclododecyl,
cellobiose,
hydroquinidine,
cyanuric,
glycerol,
piperophos,
pentabromodiphenyl,
tetracyclopropylsuccinonitrile,
propiolic,
methylphthalyl,
isoprothiolane,
acetoacetic,
methylenecyclooctane,
morinamide,
zolimidine,
neopentyl,
dodecanamide,
phenylcarbamate,
trifluoromethylisocyanide,
azidotrimethylsilane,
iridomyrmecin,
bentazone,
tributyltin,
tetraethylpyromellitate,
clovane,
mesoridazine,
folpet,
isobutyltrichlorosilane,
carotol,
prothipendyl,
tritylamine,
sertraline,
flufenamic,
tridecanoate,
bulnesol,
trisulfide,
phenylpropynoic,
pentafluoropropionyl,
malathion,
monuron,
acetochlor,
bromide,
methyltributyltin,
hexadecanoic,
trifluoroacetylacetonate,
laurate,
cyclopentadienylcobalt,
diacetoxynorbornane,
ecgonine,
dextrorphan,
chlormadinone,
selenium,
fumaryl,
cyclooctenecyclopentadienylmanganese,
heptadecanoic,
tolclofos,
cetyl,
isomenthyl,
nerylacetone,
cyclohexanepropanoic,
monoacetate,
aristolone,
pentanedioate,
dimethylnaphthalene,
cyclopentadienylchromium,
divinyl,
aminoguanidine,
phenylaminoethyl,
methylenecyclopropane,
hydroxyflavone,
diethylacetylene,
salicin,
buflomedil,
trifluoromethanesulfonate,
thiazesim,
pentachloro,
undecafluorocyclohexane,
ethanol,
neocarvomenthol,
silver,
trivinylborane,
triphenylethylene,
aminosalicylic,
laudanine,
molybdenum,
hydrobenzoin,
pentyloxytriethylsilane,
isolauric,
dimethylcyclopropane,
ethanoate,
isohexyl,
cyclobutadienecarboxaldehydeiron,
iminodisuccinic,
carvomenthyl,
fluoromethylene,
diphenadione,
camphora,
iron,
mequinol,
lyxose,
monoricinoleate,
ethoxytriphenyl,
sulfamerazine,
margaronitrile,
perfluorotetracosane,
ethynesulfenic,
quinone,
tetraacetato,
lysidine,
dibromomethyl,
glyburide,
nitroglycerin,
dodecamethylcyclohexasiloxane,
hexanitrate,
arsanilic,
piperilate,
indene,
triphenylmethanol,
undecafluoropiperidine,
tebuthiuron,
ethosuximide,
hexamethyltrisilane,
carboxylic,
tetrahexylammonium,
viridiflorol,
isocyanotoluenemolybdenum,
methyldodecahedrane,
cyclopentylpropionyl,
hydroxyephedrine,
didodecyl,
methapyrilene,
ethyl,
lefetamine,
triphenyl,
sulfaguanidine,
propane,
rose bengal,
dicyclohexylsulfide,
methyltetradecylamine,
undecane,
anagyrine,
isophthalaldehyde,
pipecolamide,
phenylcarbamic,
phenothrin,
famprofazone,
dimethylvinylethynylhydroperoxide,
alphenal,
ethynol,
etrimfos,
tetradecylphosphonic,
benperidol,
fencamfamin,
propene,
methylthiophene,
deuteriomethane,
propylimine,
tetrahydroionone,
dehydroabietinol,
amethocaine,
cycloheptene,
butyltrimethylstannane,
fensulfothion,
dianisyldiethynylsilane,
piperitenone,
chlorodifluoroacetic,
plutonocene,
pyridostigmine,
aceton,
bufotenin,
triethylsuccinic,
phenadoxone,
monoacetine,
arsonic,
octaverine,
ledol,
diflusinal,
fisetinidin,
acetonide,
ketoxime,
neoligularidine,
glycol,
heneicosanoic,
cyclohexanecarboxaldehyde,
telluride,
isoelemicin,
chlorotrianisene,
proquamezine,
chloroacetate,
methylthiodifluoroborane,
pyrrolidine,
difluorocyanamide,
tetraphenyl,
chloranilic,
perhydrotriquinacene,
anthranthrone,
cyclohexylammonium,
linoleate,
bisulfate,
isopropyltrimethylsilane,
alloxazine,
embramine,
lupanine,
terpinenyl,
ethyldicyclohexylamine,
borneol,
trimethoxymethyl,
perfluoroethylcyclohexane,
aminobenzoic,
pindone,
diethyltryptamine,
diacetate,
chlorpromazine,
nipecotamide,
ethynyl,
dimethylarsine,
monocyanide,
galactitol,
salacetamide,
methylthiophosphine,
alachlor,
flamprop,
dibromofluoroacetic,
duomeen,
chloropropylmercury,
permethrin,
allopurinol,
pimelate,
cyclopentanone,
pinitol,
malaoxon,
tributylamine,
hexadecaneperoxoic,
cerulignone,
octadecanoic,
perillyl,
hydrocortisone,
clonazepam,
pyrrole,
methanesulfonyl,
dimethylgermanone,
tetraethoxyallene,
chloropyramine,
leucinocaine,
thiocyanate,
cyclobutanecarboxylic,
pipecolic,
ethylen,
diphenyldichlorosilane,
sandaracopimarate,
trimethyllead,
perfluoroheptanoate,
butyltrimethylhydrazine,
trifluoromethanesulfenyl,
isopropylnaphthalene,
perfluidone,
protopine,
dibromofuroxan,
chlorothioformylsulfenylchloride,
heptabromodiphenyl,
methyldiphenylvinylsilane,
butanilicaine,
phosphazoanilide,
octadecamethyloctasilane,
argentilactone,
diphenylphosphoryl,
mesitylacetic,
clobazam,
salicylate,
chloroethyl,
diosphenol,
fumaronitrile,
biperiden,
decanedioic,
heptanoic,
thujopsene,
ajmaline,
methylselenoacetate,
diaminopentaerythritol,
pyridine,
chloro,
dibucaine,
trifluoperazine,
crotonate,
neoisomenthol,
cobaltocene,
cyclopropanol,
cyclododecane,
thozalinone,
granatane,
mephenesin,
desmedipham,
medazepam,
selenoacetaldehyde,
ethenesulfenic,
dibromide,
chrysene,
triethoxymethane,
oxepane,
ethylamine,
carvone,
metilsulfate,
hydrothiocyanate,
chloropyrazine,
cyclooctatrienyne,
peroxytridecanoic,
hexahydroxycyclohexane,
hypusine,
isooctyl,
aziprotryne,
butylate,
dimethylcadmium·dimethyltellurium,
phenampromide,
benfluorex,
benzene thiol,
triethylenetetramine,
diampromide,
chlorambucil,
hexamethylcyclotrisiloxane,
acetate,
nonanoyl,
narcobarbital,
cyanomethyl,
uracil,
benzoylcarboxyperoxide,
phenylacetylenide,
benzododecinium,
lipoic,
fluorodimethoxyborane,
octodrine,
diethylmalonate,
chlorodifluoromethyl,
cyheptamide,
piperonyl,
phenyltoloxamine,
propanesulfonylacetonitrile,
pyrazon,
pentabromophenol,
formaldehyde,
doronine,
pinic,
phthalic,
fluoroberyllate,
arsinecyclopentadienylmanganese,
tegretol,
ethylidenecycloheptane,
trachylobane,
fentiazac,
dodecanoate,
carvotanaceton,
monovinyl,
borate,
thiepane,
temazepam,
trityl,
colchiceine,
oxandrolone,
cyclopentanol,
pimeloylchloride,
trimethylgermanyltriphenyltin,
fludiazepam,
elemene,
etidocaine,
benzoselenazole,
allylphosphonic,
tetrafluoroborate,
trilithium,
sabinene,
cyclobutyl,
ethylmethylthiambutene,
perfluorotrihexylamine,
nerolic,
phenmetrazine,
dicalcium,
dibenzofuran,
rhombifoline,
didecyl,
promethazine,
dimethylthexylsilyl,
citrate,
pentanal,
nitroethene,
cyclohexaneethanol,
triphenylphosphate,
dendrolasin,
selenophene,
cyclobutane,
isobutyl,
anagrelide,
brolamfetamine,
ethylidenecyclobutane,
isopropalin,
carisoprodol,
benzenediacetonitrile,
doxylamine,
pentaethylacetophenone,
desoxyanisoin,
viridiflorene,
triclopyr,
hexabutylditin,
dextroamphetamine,
cyclopentylcyclohexane,
sulfate,
amyl,
cubene,
tetrasul,
butane,
undecenal,
propiconazole,
ethchlorvynol,
aklomide,
octanoate,
dimethylpyrophosphonate,
miconazole,
cyclohexanol,
ketocaine,
cyclohexyl,
trimethylsilyl,
ethylphosphonate,
distyryl,
octanedinitrile,
alanylglycine,
hexadecamethylcyclooctasiloxane,
pinocarvone,
chlorproguanil,
glycolamide,
diisopropylamine,
copper,
tiapride,
padimate,
diphenylmethyl,
tetrapropyl,
methylphenylfluorosilane,
tetrazepam,
phenylethanolamine,
tibetene,
anthracene,
hexadecanoate,
yomogi,
hydroxytoluic,
hexobarbital,
propyltrimethylhydrazine,
succinonitrile,
bromoacetate,
vincamine,
pyridinium,
nonylbicyclohexyl,
quinolinimide,
methanesulfonate,
sulfathiazole,
monomethylether,
butyrate,
tetraethylsuccinic,
trichloride,
acetylcyanoacetate,
sulfur,
dicyanomethylide,
cyclobutadiene,
methylfuran,
perhexiline,
quercitol,
methanethiol,
aminopyrazine,
isopentyl,
thujone,
glycylglycinate,
ambroxol,
dichloride,
bamethan,
trifluoromethanesulfonyl,
bromochloroacetate,
rociverine,
thioacetaldehyde,
biphenylene,
levopropoxyphene,
galangin,
dimethoate,
hexamethylditin,
durohydroquinone,
anisaldazine,
hydrazinecarbothioamide,
acephenanthrylene,
indenone,
isopinocamphone,
dimetacrine,
chloropropylate,
allyldiethoxymethylsilane,
dimethylgermathione,
cinnamate,
decafluorocyclohexene,
diisoamylene,
tetramethylbutanedioic,
phosphorocyanidate,
linolate,
cyclooctane,
ethylmethyl,
tribromoethene,
hypochlorite,
methoxydichloroborane,
pramoxine,
saccharopine,
methylenecyclononane,
melicopidine,
inosine,
menthyl,
himachalol,
cycloheptanemethylamine,
cloperastine,
ethenyl,
propadienylidene,
fluoromethylidyne,
curcumin,
hypoxanthine,
succinate,
dihydromyrcenyl,
ethylamphetamine,
cyclopentene,
glycidyl,
octafluoromethanetetramine,
chlormene,
chlorofluoride,
mevinphos,
meconic,
ethyldichlorosilane,
octyloxycyanobiphenyl,
methionine,
nitrosoethylene,
triflupromazine,
diphenylberyllium,
triphenylsilanamine,
psicose,
methyldithio,
tetramethylammonium,
chlornaphazine,
patchoulane,
hexafluoromethanediamine,
bromochlorofluoromethane,
diphenhydramine,
chloroform,
cyclopentane,
fluvoxamine,
trichloromethyl,
carbophenothion,
cyanophos,
phosphirane,
diethylheptylamine,
dimercaprol,
triisopropylsilane,
propyzamide,
isopropylbarbituric,
trichloroacetate,
tetrabutyl,
pentadecanoic,
pentafluoropropionic,
ethoheptazine,
zylofuramine,
chelerythrine,
iridium,
xylulose,
tabun,
homophthalic,
piperocaine,
dimethylaluminum,
purpurate,
pentylenetetrazol,
biphenyl,
acetylacetonate,
dimethyl,
ethanethioic,
ethylmalonic,
ionone,
triisobutylene,
butanedioyl,
sevoflurane,
cyclotridecane,
butanoyl,
methylthiothichlroborane,
xanthine,
triamantane,
methyldinitramine,
ethofumesate,
myristate,
uranium,
dimethane,
dlyxose,
thiocyanic,
chromonar,
methylarsine,
salicyl,
diphenylcyclohexylphosphine,
octadecanamide,
tripropylsilane,
urea,
trinitroacetonitrile,
hygrine,
semicarbazone,
perhydrophenanthrene,
cyclopropanecarboxylic,
bromodiphenhydramine,
decanal,
fenchyl,
azidocyclopentane,
distigmine,
adipate,
nitroxynil,
ethylcycloheptane,
pinazepam,
monochloride,
uranocene,
cinchonidine,
levopimarate,
niflumic,
methacrylamide,
nortricyclone,
gallium,
hexenal,
octacaine,
cadmium,
propanoate,
cannabidiol,
thioproperazine,
metoprolol,
tridecanone,
ethylpentamethyldisilane,
desalkylflurazepam,
carbonothioic,
methylthioacetylene,
sebacate,
disiladicarbide,
thiocarbonyl,
hexanoate,
tributyl,
cycloheptenecyclopentadienylmanganese,
levodopa,
syringic,
octylmalonate,
nonane,
methyltriphenylsilane,
deptropine,
cocaine,
curzerene,
cycloheptaneethylamine,
dioxaphetyl,
aminomethanesulfonic,
nonanenitrile,
diphenylacetate,
sulforaphane,
trimellitic,
dimethylberyllium,
barbital,
nonadecanoic,
viminol,
clotermine,
pentadecane,
arbutin,
allylphosphonate,
trimethyltin,
methallyl,
thujol,
nicotinic,
difluoroacetamide,
phenylethylthiol,
bicyclic,
temefos,
methoxycarbonylsulfenyl,
etynodiol,
crotonaldehyde,
mazindol,
aminodiphenylmethane,
hexafluorocyclobutanone,
benzoylglycylglycine,
oxalate,
cyclopentylacetylene,
glutaronitrile,
indane,
hydroxychloroquine,
pinacolyl,
norephedrine,
geranate,
heptaethylene,
acetamid,
tetrathiooxalate,
dipotassium,
nootcatane,
tetradecanoic,
mecrylate,
pyruvate,
xylitol,
cyclotridecanone,
tropine,
cyclobutadienyl,
diglycidyl,
magnesocene,
tetramethylhydrazine,
bisabolane,
tetrahydrotriquinacene,
piperitol,
butabarbital,
globulol,
fumaric,
triphenylphosphineiron,
thiophenethiol,
antimonin,
phenpromethamine,
ethylidenemalonate,
galanthamine,
placidyl,
dimethyldithiocarbamate,
oxycarboxin,
cycloicosanone,
tetracarbide,
trihexylammonium,
bromotrimethylgermane,
oxanilate,
maleimide,
cyclohexanebutyronitrile,
propadienal,
methylgermanium,
menadione,
dichloropropylphosphine,
monocrotaline,
propyl,
chrysin,
trifluorosilylcobalt,
abietyl,
phenyl,
chloroketene,
cyclopropane,
stearaldehyde,
terephthalamide,
valine,
thioformaldehyde,
oxyphenisatin,
homopiperazine,
bromoiodomethane,
anhydride,
catechol,
retronecine,
undecene,
cyanomethylphosphonate,
pinonic,
monochlorohydrine,
triflubazam,
dehydrocholic,
linoleamide,
triethoxyphenylsilane,
rhodinol,
perylene,
ditechnetium,
cyclopropene,
isomaltol,
methylthio,
cycloicosane,
thiocyanogen,
tetrabutylammonium,
nonanol,
phenglutarimide,
camazepam,
ethotoin,
dihydroterpinyl,
cyanide,
oxalacetic,
methylene,
echimidine,
lysergic,
pipecolinate,
dichloroisocyanuric,
phoxim,
aleuritic,
heliosupine,
trimethoxyethylsilane,
dimethazone,
heptanoyl,
pentanedioyl,
dibenzoylfuroxan,
prazepam,
thioglycolate,
benzodithiete,
methanedisulfonyl,
reposal,
undecanoate,
benzothiazole,
neopentylidenecyclohexane,
menthofuran,
myrtanal,
dehydroabietal,
primidone,
dichloromethane,
diiodide,
titanocene,
dirhodium,
lorazepam,
oxetane,
methylnitrazepam,
piperonylamine,
propanediamide,
tetramethylene,
triisobutylphosphine,
acetyl,
cedrol,
isothiocyanic,
perfluoronaphthalene,
tetramethoxymethane,
eseridine,
glyoxylate,
cyclopropyl,
brotizolam,
dimetridazole,
suberate,
clofibrate,
tetrahydrocannabinol,
monoethyl,
germacrone,
methylammonium,
sulfuric,
isopimarate,
oxymorphone,
trimethobenzamide,
acetylene,
diisopropyldithiocarbamic,
butamben,
peroxydecanoic,
methanesulfinic,
tetradecyl,
ethylvinyl,
trimethylgermyl,
dipropyl,
bromodiphenylphosphine,
trimecaine,
formic,
molinate,
neptunocene,
alizarin,
heptanolactone,
dinonyl,
terephthalic,
azulene,
cantharidin,
tetraisobutylsuccinonitrile,
pentafluoropropanoyl,
cortisone,
methanediol,
benzoylacetate,
triosmium,
diphenylmethane,
crufomate,
thietane,
isopropylidenemalonate,
nicodicodine,
ethylphenylsulfoxide,
bisabolol,
psilocin,
mercaptopropionate,
dapoxetine,
zoxazolamine,
dimethylselenium,
butyric,
dimethallyl,
thiometon,
camphor,
benzoylprop,
methylhydrazinium,
acetylimidazole,
propionylpromazine,
hexapropylene,
lindane,
pentafluoroguanidine,
diphenylsilane,
torquatone,
pivalate,
acetylferrocene,
difluoride,
trimethylsulfonylmethane,
phenyltrichlorostannane,
chlorodiethylborane,
ethanolamine,
feclemine,
chloroprocaine,
dysprosium,
heptamethylenesulfide,
cyclopentanecarbonyl,
propanenitrile,
chlorothion,
diacetoxyscirpenol,
malonate,
ethynylcyclobutane,
hemicholinium,
ethirimol,
heptylcyclohexane,
levomepromazine,
butanediamide,
lyratol,
cimetidine,
aminoparathion,
germacrene,
santolina,
disulfoton,
benzoxazole,
dibutyldiphenyl,
suloctidil,
azacymantrene,
styrene,
hexachlorocyclopropane,
diphenacyl,
dimethylphosphinothioic,
fluoridamid,
patchoulene,
pyridazine,
piroxicam,
davanone,
cyclobutanecarboxylate,
retamine,
nonafluorobutanesulfonyl,
mefenacet,
vinyldimethylphenylsilane,
moperone,
deoxyadenosine,
dodecyl,
tetraethoxymethane,
ellagic,
triphosphate,
pretilachlor,
morpholinophosphoramidate,
captodiame,
desomorphine,
aminoglutethimide,
anethole,
tiletamine,
bendiocarb,
sarin,
triamcinolone,
thioacetamide,
benzoylecgonine,
nitroethylene,
protoadamantane,
caprylic,
oxadiazon,
cyclohexanemethanol,
ethyldimethoxyborane,
trifluoromethyl,
selenide,
hydroxypentobarbital,
ocimene,
thiourea,
docosanenitrile,
carvomenthone,
clofenvinfos,
diisopropyl,
diamyl,
dichloroacetaldehyde,
clemizole,
caprylate,
kitazin,
cyclobutanemethanol,
terodiline,
isoleucine,
chalcone,
levallorphan,
phenylthio,
ethylmethylacetylchloride,
iodocyanoacetylene,
bronopol,
tropane,
trifluoromethanesulfonic,
decachlorobiphenyl,
dimethylaminoacetaldehyde,
glyoxalphenylosazone,
proheptazine,
decafluorocyclopentane,
diacetyl,
carbamate,
ditms,
chloromalonate,
methylnaphthalene,
sulfite,
chlormephos,
barium,
octanamide,
thorium,
isoamyl,
decabromodiphenyl,
aminoantipyrene,
cyclohexylmethyl,
curdione,
manganic,
hexane,
cadinene,
thymidine,
ethylidifluoroborane,
flamenol,
trigermanium,
nonadecanone,
ethionamide,
ddt,
selenourea,
cyclopropanecarboxamide,
adamantane,
quinoline,
trichlorothioacrylate,
dodecanal,
nitrosyl,
chloropyrilene,
otrichlorophenyl,
paraldehyde,
ethylammoniumbromide,
pivalic,
dichloroethylmethylsilane,
pentamethylphenylacetonitrile,
apiol,
cinnamyl,
ethylenetricarbonitrile,
diisobutylphosphite,
diclofenac,
melicopicine,
triethylenediamine,
polythiazide,
precocene,
phenindamine,
prehnitenol,
ferric,
propyloxytriethylsilane,
oxime,
ethenamine,
pyrazinecarboxaldehyde,
dipipanone,
leucylglycylglycine,
clovene,
estrin,
cerium,
methiomeprazine,
antazoline,
vinylisobutyl,
prenylamine,
acetylacetone,
diallylaminoacetone,
mestranol,
isobutyraldehyde,
sulfonamide,
chloromethyl,
methyloctadecyldichlorosilane,
pseudococaine,
pyrithyldione,
biacetyl,
dicarbide,
cyclohexanamine,
etherate,
triadimenol,
propyldiammonium,
sebacic,
diethylpentylamine,
oleic,
cyclopentylcycloheptane,
gamabufotalin,
nicotine,
tetrabromide,
plumbocene,
dicarbon,
mercurocene,
formate,
ethoxydimethyl,
dicyclohexyl,
pentobarbital,
pentafluorobenzoyl,
tetramethylthiuram,
chamigrene,
bicyclogermacrene,
myristicin,
dodecanoic,
naphazoline,
chlorothymol,
phenazine,
trachelanthamine,
dicesium,
pyrocatechol,
monosulfide,
vinbarbital,
myrtenal,
megestrol,
triazolam,
trichloroacetonitrile,
pentyl,
hotrienol,
methacryloyl,
trichloroacetyl,
allylprodine,
proxyphylline,
triphenylformazan,
dimefline,
allylchlorodimethylsilane,
diisopropylcyanamide,
ethylene,
perfluorooctane,
ethylparaben,
furazolidone,
tetrachloroveratrole,
tetradecanal,
carbocaine,
tricosanenitrile,
ambutonium,
furaldehyde,
tridecylamine,
noramidopyrine,
vinyldiphenylchlorosilane,
dioxirane,
diethylene,
carbosulfan,
chlomethoxyfen,
piracetam,
methylhydrindan,
oxiranyl,
benzamide,
diphenylpyralamine,
anisyl,
trihexyphenidyl,
androsterone,
methanesulfonylacetonitrile,
trifluoromethanethiol,
hexanedioic,
phenoxyacetate,
aminothioacetic,
etisazole,
caranone,
bisnortilidine,
cyclopentadienylirondicarbonylchloride,
cyclobenzaprine,
hexafluoroglutaric,
butyl,
tetrabutyldiphosphine,
androstane,
nordazepam,
trazodone,
tridecane,
phenylphosphonate,
adonitol,
ambucetamide,
flavianic,
carbitol,
orthoformate,
flunitrazepam,
hexoestrol,
formazan,
pirimicarb,
isopulegyl,
cyclopentanamine,
fenpropimorph,
perfluorodimethyldecahydronaphthalene,
fulminic,
acrylamide,
pyridium,
isogeraniol,
naphthalene,
cycloheneicosane,
azaperone,
pyrroliphene,
isopropyl,
crotoxyphos,
arachidonic,
hexafluoroacetone,
methoxyacetylene,
decanamide,
dibutylarsinic,
isoquinoline,
ibogaine,
furamide,
lewisite,
niobocene,
dihydrocodeine,
disulfide,
pentafluorodimethyl,
terphenyl,
trimethylphosphine,
cyclononyne,
lidocaine,
dichlorophosphate,
pentaethylate,
trifluperidol,
phenoperidine,
caproate,
oodimethyl,
dimethyltelluride,
hexylresorcinol,
magnesium,
tryptophan,
cycloheptyl,
isobutylisocyanide,
norpropoxyphene,
thorocene,
ethyldichlorophosphine,
alanine,
cyclopropanimine,
octafluorocyclobutane,
adamantylmethylether,
pentadecanolide,
methyldiallylamine,
sandaracopimaradiene,
mercaptan,
oxpentifylline,
hydromorphone,
pentamethylcyclopentadienyl,
pentafluoromethylamine,
trimethylgermane,
vinyloxy,
triprolidine,
tributylborane,
hydroxylupanine,
melibiose,
tetracosamethylundecasiloxane,
chlorcyclizine,
methotrimeprazine,
pentachloroaniline,
dialuminum,
carminic,
tetraamylstannane,
glutamine,
glutarate,
smipine,
chloral,
benzenecarbothioamide,
benzonitrile,
bromotrimethylsilane,
cytidine,
morpheridine,
tetrapropylammonium,
beryllium,
propanoic,
thiram,
allyloxytrimethylsilane,
phellandrene,
chlorbicyclen,
clorethate,
nicotinyl,
cycloheptane,
triethoxide,
chlorofluorotrimethylantimony,
eicosene,
integerrimine,
epiaphylline,
chloracyzine,
dicarboxylate,
isatin,
carbide,
amineptine,
aldopentose,
isobutyranilide,
methylamine,
proxymetacaine,
phosphorotrithioite,
undecanoic,
encyprate,
molindone,
oxamate,
deoxynivalenol,
tetrathianaphthacene,
deoxyguanosine,
tetraphenylarsonium,
tolnaftate,
hexyloxytriethylsilane,
triphenyltin,
tartronic,
diisocyanate,
diethylaminoethyl,
tartaric,
diethylcyclohexane,
trimethoxybutylsilane,
decylcyanobiphenyl,
lumazine,
methylcyclopropane,
curlone,
etodroxizine,
disilyl,
bromomethyl,
isothiazole,
guaiol,
ethiofencarb,
prajmaline,
fluacizine,
ethyldimethylsilanol,
ethylbenzene,
chlorprothixene,
nitro,
pericyazine,
quinuclidine,
trimethylindium,
phenylethynylacetylenide,
hexacetate,
phenethyltrichlorosilane,
strychnine,
fluorophosphate,
endosulfan,
dichloromethylmethyldichlorosilane,
decanol,
ethyldiethanolamine,
morphine,
propyphenazone,
ethyldiphenylphosphine,
chlorproethazine,
iditol,
dioxathion,
pulegone,
thiothixene,
hydroquinone,
naphthacene,
acetylcoa,
triethylphosphine,
oxazole,
vinclozoline,
tricosanoic,
pencycuron,
lilac,
methoxytriethylsilane,
cyclohexanecarboxylic,
malate,
kynurenic,
nndicyclohexyl,
heptanedinitrile,
endrin,
norfenfluramine,
decaglycine,
penoxaline,
piperidine,
fluorenone,
furoate,
heptafulvene,
glycolate,
undecanedioate,
carboxin,
methanethiosulfinate,
glutarimide,
diphenylphosphinodithioic,
iodocubane,
triethylbutanedioic,
cycloundecane,
gonane,
dinitrate,
ethylvinyldichlorosilane,
anhalonidine,
dichlorodifluoromethane,
tetracyanoethylene,
allylthiourea,
selinane,
bitoscanate,
pizotifen,
platynecine,
cinchonine,
dipropyldiazene,
dimethylammonium,
tetrachloroisophthalonitrile,
propylthio,
pentaerythritole,
oxymesterone,
isopimpinellin,
perbenzoic,
cyclododecene,
perfluoromethyldiethylamine,
diethanolamine,
benzylmalonic,
eremophilene,
aldicarb,
norcodeine,
oxomemazine,
monochloropentaerythritol,
butyrylphenylacetylene,
metacetamol,
octanitrocubane,
hexadecanedioic,
cyclohexylphenylacetic,
bromocyanoacetylene,
lormetazepam,
tricyclopentylmethane,
triethylbismuth,
hexacarbonyl,
aceanthrylene,
cedrene,
thialbarbitone,
acetic,
thiazole,
iodoacetate,
trichlorosilane,
chlorpropham,
isocarvomenthol,
piminodine,
diisoamyl,
dimethylaminetrifluoroborane,
cyanoethynyl,
tetradecanamide,
zerumbone,
sotalol,
nalorphine,
hydroxyzine,
ethylsulfonylpropanone,
imipramine,
cobalt,
glutethimide,
homosalate,
methylbenzylglyoxal,
desmethylflunitrazepam,
ammonia,
trimeprazine,
isothiocyanatosuccinate,
bromacil,
fenmetramide,
cyclohexanemethyl,
orphenadrine,
carbophenoxon,
cyclohexylidenephenylacetonitrile,
promazine,
beclamide,
trinitrotriphenylmethane,
octadecane,
benoxinate,
normelicopidine,
hypofluorite,
farnesyl,
benzyl,
phenbutrazate,
azo,
dexetimide,
cyproheptadine,
betaine,
cyclopropylacetylene,
naphthylamine,
amethone,
methacrylic,
methylphosphonic,
difluorodinitromethane,
methane,
butylated,
bromocubane,
thymine,
tetraethylhydrazine,
diethylamide,
chlorimipramine,
betameprodine,
formyl,
phosphorothioate,
pyrazophos,
metaoxybenzoylecgonine,
metrifonate,
dioxetane,
phenylbenzylglyoxal,
levophenacylmorphan,
diethoxymethane,
cyclobutene,
sodium,
hydroxybutanedioic,
cyclooctadecane,
alprenolol,
sulfide,
amisometradine,
acid,
thiofanox,
cycloundecyne,
cuscohygrine,
triphenylgermanium,
dihexyl,
sulfasomizole,
thiochroman,
cinnamic,
phosfolan,
triethylamine,
hexamethylcyclotrisilazane,
bromophenyltrichlorosilane,
diacrylate,
tetrathiafulvalene,
tetracosanenitrile,
hexadecanophenone,
dimethylboron,
disodium,
trichlorobenzoquinone,
ethylphosphonofluoridate,
coumafuryl,
benzodithiene,
benzylidene,
guanosine,
diethadione,
diselenide,
methanetricarboxylate,
nicametate,
fluoxetine,
ethyldihydroxyborane,
synhexyl,
hydrazinium,
cyclodecene,
tuaminoheptane,
methylsulfenyliodide,
chlornitrofen,
metribuzin,
methoxychlor,
diprophylline,
cloponone,
triethylgallium,
pentamethylbenzoic,
glutamic,
dicinnamoyl,
diphenidol,
pentamethylbenzaldehyde,
chlorobenzilate,
phthalimide,
ricinoleate,
dibenzylmercury,
benzocyclobutenone,
dodecanedioic,
dibenzotellurophene,
desmethylmethsuximide,
indole,
trigonelline,
tigloidine,
diphenyl,
dimethyldocosylamine,
tolmetin,
quadricyclane,
terpinol,
triphenylphosphinecobalt,
cycloate,
dimethylphenylethylcarbinyl,
dimethylsulfide,
cyanogen,
normethadone,
carvomenthol,
tetradecaneperoxoic,
allyl,
neoabietate,
tribromomethyl,
ribose,
dimethyloctadecylamine,
perfluoro,
kepone,
racemorphan,
pentamethylpentaarsolane,
chloride,
ketamine,
toluene,
biphenylchromium,
ethanesulfonamide,
perfluoroallene,
methomyl,
deoxycorticosterone,
undecanal,
tetraisopropoxysilane,
acetyldihydrocodeine,
rosmarinine,
dihydroedulan,
cetrimonium,
nitrile,
olein,
methylthioarsine,
benzanthrone,
isodecyl,
ditungsten,
suberic,
stearic,
dicyanothioketene,
zipeprol,
benzidine,
cythioate,
barbituric,
thiamylal,
perfluorohexamethylprismane,
phosphaferrocene,
terpineol,
anisate,
dienestrol,
anilin,
chlorocyclopentane,
phenylethyl,
venlafaxine,
ethanethiol,
methyleneaminoacetonitrile,
lactic,
neopine,
phosphamidon,
pyruvic,
trimethylhydrazine,
methylanhalonidine,
oxybenzone,
brallobarbital,
flavoxate,
oxprenolol,
tricyclopentadienyl,
methylheptenol,
sceleratine,
monoxide,
acetylcyclododecane,
oxazepam,
hexamethylenetetramine,
docosafluorobicyclohexyl,
thiophosphate,
phosgene,
cyclohexyldiphenylmethane,
perfluorodecyl,
strontium,
phenylalanine,
collidine,
famophos,
cyclohexadecanon,
phosmet,
dibenzoequinene,
monoaluminum,
azobenzene,
ethyldichloroborane,
divinyldimethylsilane,
phenylmercuric,
orotic,
spermine,
zearalenone,
etafedrine,
hexafluoroglutaryl,
spathulenol,
cyclopentadienylmolybdenumtricarbonyl,
hydrocarboxyl,
hydroxymethylene,
trisdimethylaminosilyl,
fluphenazine,
geranyl,
hexanedioyl,
psychedelic,
butaperazine,
piperonal,
trisilicon,
theophylline,
ethylarsonic,
pentaacetate,
dimethylvinphos,
neuraminic,
cresol,
methylenecycloheptane,
sultiame,
perfluorohexamethyl,
benzyldimethylsilane,
iodofenphos,
oxazolam,
lactate,
acrylate,
diisobutylene,
isobornyl,
fusarenon,
pheneturide,
heptafluorobutanoate,
artemiseole,
jasmonate,
propyldimethylchlorosilane,
transdimethylcyclopropane,
hexafluoroisopropyl,
pentapropylene,
tripelennamine,
methylcyclodecane,
coumestrol,
pyriliamine,
cyclohexaneacetic,
decane,
cyclobarbital,
etoperidone,
diazinon,
cyclopentanecarboxylic,
methoxypromazine,
dipentylacetic,
terpinene,
chlorthiophos,
mepazine,
dromostanolone,
acronycine,
hippuric,
tioxolone,
octanaloxime,
histidine,
oxohexanoate,
diazoacetate,
myristoyl,
oleyl,
tartrate,
epichlorohydrin,
diethylphosphonate,
methocarbamol,
fenarimol,
anilino,
ethoxysilatrane,
salicyaldehyde,
prostaglandin,
dimethylphenylphosphine,
aniline,
retenequinone,
aluminium,
trimethylaminetrifluoroborane,
diphenylamine,
carbisopropoxy,
dodecalactone,
azetidine,
phenoxy,
glycidol,
acetaldimine,
nonadecanoate,
tribromsalan,
norcyclizine,
phenylselenenyl,
orthobutyrate,
acoradiene,
hydroxymethylphosphonate,
elaidamide,
styramate,
deoxyribose,
leucine,
cyclohexylmethyldichlorosilane,
palmitelaidate,
monoaminopentaerythritol,
bithionol,
bisamidrazone,
chloronitromethane,
harmine,
chlorphenoxamine,
vinylsulfonamide,
dodecacarbonyl,
diethylaluminumchloride,
methoxydiiodoborane,
tetraethyldiphosphine,
perhydrochrysene,
diphenylphosphate,
tetrapentyl,
alaproclate,
cyclohexylaminoacetonitrile,
decanoic,
nomelidine,
pentamethylphosphonic,
methandienone,
thenyldiamine,
erbium,
propylamine,
usaramine,
cysteine,
docosamethylcycloundecasiloxane,
perfluoroisopropyl,
isoaminile,
diacetone,
mannitol,
paroxetine,
chloromethanesulfonyl,
trichloroacrylic,
dimethylpropanedioic,
butoxyethyl,
methanesulfanilide,
trifluorovinyl,
triselenothane,
hexyl,
tetrafluorophthalonitrile,
benzyltriethoxysilane,
formetanate,
trioctyl,
octane,
benzoctamine,
tetrabutylgermane,
propanidid,
cyclobutanone,
mefenamic,
allyldiethylamine,
cyclopentadienylidenetriphenylphosphorus,
nitrilotriacetic,
tetrahydrocytisine,
allylthioacetate,
malonanilide,
undecylenic,
homoadamantane,
butylamphetamine,
phenol,
trimethylhydroxylamine,
undecanolactone,
pirimiphos,
chloroxylenol,
amodiaquine,
methylthiodibromoborane,
chloroquine,
nerolidyl,
ambrettolide,
isovalerylphenylacetylene,
phenylsilane,
chinine,
trifluomeprazine,
dipentyldithiocarbamate,
ethylnitramine,
suboxide,
methyldifluorosilylcobalt,
methylglyoxal,
octadecyl,
chloroiodomethane,
hydroquinine,
dimethylcadmium·dimethylselenium,
methanetetracarbonitrile,
dimethisoquin,
thioketene,
mitotane,
diallylmalonate,
supinine,
diethylpropargylamine,
calcium,
dihydrochrysene,
icosane,
caprate,
dihydrojasmone,
butonate,
trimeperidine,
apopinene,
bismuth,
valproic,
propanoyl,
dodecylcyclohexane,
chloroacetic,
ethylmethylamine,
tribromochloromethane,
diadamantane,
chlormezanone,
praseodymium,
anthranilic,
zolpidem,
zinc,
hydroxyphenamate,
spartioidine,
thebaine,
decanoyl,
piperidolate,
estradiol,
hexacyclopropylethane,
anhalonine,
dimethylthiambutene,
metolcarb,
linolenyl,
sulfamoxole,
piperidyl,
allylidenecyclohexane,
diallyl,
methylphosphonyl,
apigeninidin,
carnegine,
dimethanolurea,
nylidrin,
propionic,
diphenylethyne,
isoflavonoid,
erucic,
cyclopropanone,
dibromo,
tetraethyl,
triene,
metaclazepam,
dibromoacetate,
tataric,
acetylsalicyloyl,
cyclobutanecarboxaldehyde,
butoxycarboxim,
monocerium,
dimedone,
isocyanate,
cyanocyclopentadienyl,
ribulose,
isocyanato,
dihydroterpineol,
oxanamide,
elassovalene,
cyclononene,
propanedial,
etilefrine,
tricyclobutabenzene,
desmethylchlordiazepoxide,
isocyanobutanetungsten,
citraconic,
diphenyldivinylsilane,
benzylmorphine,
indicine,
urocanic,
behenic,
fluorene,
oxycodone,
triacetamide,
viloxazine,
semicarbazide,
pentafluoro,
heptafluorobutyryl,
naphthoic,
manool,
hexaglycine,
salicylalazine,
alphamethadol,
hydroxyacetone,
monodecyl,
dipropyldithiocarbamic,
talbutal,
epivincamine,
xanthene,
aloe,
azatadine,
fluoro,
phosalone,
uridine,
benzvalene,
daidzein,
phorate,
rinderine,
geosmin,
erythrosine,
chlorprenaline,
palmitoleic,
penicillamine,
coumaphos,
iodoxybenzoic,
ethylmethylisoamylamine,
technetium,
altritol,
vinylphenyl,
bemegride,
pentane,
iodide,
longicyclene,
hexadecanal,
dibromomethylene,
chlorine,
cyclooctyl,
jesterone,
dithiocyanate,
hinesol,
sobrerol,
chloropentafluoroacetone,
boric,
cubenol,
dimethocaine,
heptafluoropropyl,
methyltriphenyltin,
nifuratel,
trihexyl,
orthocarbonic,
sanguinarine,
cyclooctanamine,
pyrrocaine,
pendimethalin,
mebutamate,
isocyanide,
fulvene,
cyclopentadienyl,
mercuric,
metipranolol,
cyclopentyl,
ethylphenylmalonic,
ethynyloxy,
cyclopropenylidene,
undecyl,
diisobutoxymethane,
monomethyl,
diethylzinc,
isopropylsilane,
methoxydifluoroborane,
osthole,
tagetonol,
sorbose,
tetrahydrogeranyl,
tripropylaluminium,
methoxytriphenylchloromethane,
phoshorinane,
nitroscanate,
fluoropentanitroethane,
amitriptyline,
cyclooctatetraene,
formamide,
chlorodimethylarsine,
diethylaminoacetaldehyde,
tripropyl,
methyl,
acetylpyrazine,
tritbdms,
isobutane,
tetracarbonyl,
galactaric,
davana,
benzal,
monobenzoate,
lactose,
dihydroheptachlor,
chromate,
hexadecanenitrile,
trimethylthiirane,
bromopropylate,
pentafluoroethyl,
diethylitaconate,
methallatal,
dichloridite,
levorphanol,
thiopropionate,
pyrazineethanol,
thymoxamine,
manganese,
dimercaptomethane,
silicon,
ethylenetetracarboxylate,
procyclidine,
oryzalin,
methylephedrine,
dodecanoyl,
butamifos,
heptafluorobutanoylacetate,
piperitone,
phenylpropargyl,
iodotrinitromethane,
tetrasulfide,
methylmalonic,
hexadecylmalonate,
phenelezine,
ethylidenecyclopentane,
retrorsine,
diethylphenylphosphine,
sulfamethazine,
oxymetholone,
omethoate,
tributylphosphite,
piperonylacrylic,
cyclononanone,
isoxathion,
cyclopentadienylvanadiumtetracarbonyl,
broxaldine,
trimipramine,
carbinol,
thunbergol,
glycidaldehyde,
difluoromethylene,
phenylmethylammonium,
aminohexanoic,
ferrocene,
tetrafluoride,
dipentaerythritol,
dichlorofluoromethyl,
acetophenonechromium,
isocaproate,
octanoyl,
tricarballylic,
caramiphen,
cyanoallene,
oxosilyl,
lauryl,
furfuryl,
bromoketene,
fructose,
propargyl,
silanediol,
panidazole,
cyclodecanol,
cyclizine,
caesium,
monorhodium,
diisobutyl,
dinitrosyl,
butyronitrile,
methaphenilene,
hexylphenyl,
ethane,
methylcyclohexylacetate,
disiloxane,
benzene,
dichloro,
diethyltoluamide,
oxymetazoline,
chlorocyanoacetylene,
diphemanil,
butralin,
tetramethylbiphosphine,
acetoacetyldiphenylamine,
perfluorodecalin,
pyrrobutamine,
ethylidenecyclooctane,
phthalonitrile,
ketene,
levamisole,
kaurene,
glutaric,
terephthalate,
chlorodifluoroacetamide,
acetylmandelic,
thiophene,
tridiphane,
methoprotryne,
trimethoprim,
glyoxylic,
estazolam,
oxepin,
linalyl,
cyclopentenyl,
trifluralin,
methycyclohexanone,
oxalyl,
brucine,
melamine,
tetrahydroxy,
acephate,
aminophylline,
bullvalone,
cycloheptanemethanol,
mephenytoin,
quizalofop,
cyclohexylaminophosphonate,
norchlordiazepoxide,
tetramethyldiazetine,
cyclohexanecarboxylate,
ethoxy,
ranitidine,
aluminum,
acetyldicyclopropyl,
phthalylsulfathiazole,
cyclopropenyl,
acetylcarbromal,
pentanamide,
codeine,
beyerene,
clorgyline,
heptalene,
fluoromethyl,
prochlorperazine,
dibutyl,
methylcyanate,
cyclohexadecanone,
cyclododecyne,
cyanoacetate,
triazophos,
sulpiride,
hystrine,
thiocamphor,
phenylthiomethylphosphonate,
butethamate,
hexadecyl,
cortol,
monosilicide,
oxanilic,
prednisone,
dihexyverine,
santen,
jacoline,
hydrastine,
gluconic,
vetivenol,
cyclopropaneethanol,
nonalactone,
clofibric,
norethandrolone,
baicalein,
perhydrophentermine,
phenoxaselenin,
heptaminol,
hphenalene,
cyclopropiophenone,
bicyclooctyl,
benzoate,
pinocarveol,
alloxantin,
chlorothiazide,
pentamethyl,
triethanolamine,
cycloheptatrienyl,
phenoxathiin,
trifluoroacetylurea,
methoxyflurane,
isonicotinic,
propoxyethylene,
isovaleranilide,
ethylthiomethane,
tetrahedrane,
tritylazide,
octadecanedioic,
cyclohexylidenecyclohexane,
flupentixol,
pipamazine,
mesurol,
isopropenylpyrazine,
diallyldiethoxysilane,
amidogen,
cyclohexanone,
hexamethylcyclotriphosphazene,
morpholine,
benzenesulfonyl,
neoisocarvomenthol,
ethisterone,
sucrose,
dichloromethylene,
fluoroiodomethoxyborane,
triphenylmethane,
orthoformic,
ethenol,
cycloserine,
benztropine,
chlorotributylsilane,
dimethylgermanium,
cycloheptadecane,
phenindione,
undecanedioic,
methoxybromochloroborane,
levomenol,
alloxan,
dichlofluanid,
cyclopentylethynylmethyl,
valerate,
indolizine,
monoselenide,
niacin,
methylenecyclodecane,
cyclohexanecarboxamide,
isocrotonic,
prolintane,
dicyclohexylphenylphosphine,
fentanyl,
diethylstilbesterol,
nonenone,
hydrazine,
emodin,
monododecyl,
acetaminophen,
trioxsalen,
dicyclopropyldiazene,
durenol,
acetoacetamide,
glutaconate,
aletamine,
lead,
bromopentafluoroethane,
citalopram,
phosphaphenalene,
ethoxyacetylene,
methoxy,
octaethylcyclotetrasiloxane,
bromoxylenol,
pentaerythritol,
methylvaline,
bromine,
hexafluorophosphate,
cyanoguanidine,
lithocholic,
carbinoxamine,
tribromoacetate,
hexadiynedinitrile,
platinum,
tellurophene,
ormosanine,
hexamethyleneiminoacetonitrile,
sildenafil,
clothiapine,
vinylphosphonate,
trioxide,
acetamide,
eicosyl,
hexahydrate,
dibenzylamine,
difluoroacetanilide,
furoxan,
muzolimine,
hulupone,
longifolenaldehyde,
thunberginol,
monocrotophos,
benzylamine,
neopentylamine,
nanofin,
asulam,
benzeneacetamide,
methoxyacetonitrile,
perfluorononanoic,
neodymium,
heptaglycine,
fluoroacetonitrile,
tridecanal,
neroloxide,
trimethylammonium,
dipentyl,
octahydroindolizine,
amorphane,
octadecaneperoxoic,
picrolonic,
demelverine,
heptenophos,
cyclooctatriene,
isocyanoacetylene,
homarylamine,
diethyl,
cyclohexene,
dioxybenzone,
monophenyl,
metoxuron,
dipropyldithiocarbamate,
eudalene,
imine,
histamine,
trimethyldiphosphinyl,
cyclobutanecarbonitrile,
bromhexine,
diethyldiazene,
methixene,
bromomethylidyne,
xanthorrhizol,
benoxaprofen,
pentadecanenitrile,
cyclotetradecane,
trimethyl,
ajmalicine,
clozapine,
cyclopentadecanone,
pyromellitate,
chloroacetyl,
cyclopentanecarbonitrile,
monoruthenium,
butalamine,
piperidinone,
vanadocene,
duloxetine,
vinylacetylenide,
abscisate,
ethylisobutylmethylamine,
tetrachloride,
isothiocyanatoacetaldehyde,
inosinate,
acetone,
diundecyl,
isopulegol,
chromium,
octamethyltrisiloxane,
peroxy,
emylcamate,
pristane,
sumatriptan,
phthaldehydic,
rhenium,
trithiozine,
allyldiphenylphosphine,
hexabromoethane,
bensulide,
dibenzepin,
monalide,
diethylacetal,
sulfonyl,
lithium,
trimethylphenylgermanium,
mexiletine,
hexanamide,
dimethylphosphinic,
succinic,
hexadecene,
hordenine,
butylphthalide,
bromazepam,
dinonylamine,
oxirene,
norclobazam,
bromotrihexylsilane,
malonyl,
tributylphosphinemolybdenum,
pyrotartrate,
acetal,
methoxymethyl,
profluralin,
ketopentose,
diethylditelluride,
heptafluorobutyric,
isophosphinoline,
procarbazine,
hexadecane,
trimethylsilylmethylamine,
dimpylate,
progesterone,
dodecanolactone,
dichloromethanesulfonyl,
traumatic,
propylphosphonate,
hexaethylcyclohexane,
silacyclobutane,
angustifoline,
cyclohexanethiol,
octyl,
dihexylamine,
dicarboxyl,
phosphorocyanidous,
etomidate,
diethylammonium,
cyclooctanone,
sorbate,
profadol,
cyclohexadecane,
methinophosphide,
maleic,
diphenylmethanethiol,
pentafluoroethyliodide,
perfluoroicosane,
water,
stilbene,
porphyrin,
retinal,
norbornadiene,
helicene,
pyranine,
carotene,
spiropyran,
merocianine,
diarylethene,
